PLAYER_ID,PLAYER_NAME,NICKNAME,TEAM_ID,TEAM_ABBREVIATION,AGE,GP,W,L,W_PCT,MIN,FGM,FGA,FG_PCT,FG3M,FG3A,FG3_PCT,FTM,FTA,FT_PCT,OREB,DREB,REB,AST,TOV,STL,BLK,BLKA,PF,PFD,PTS,PLUS_MINUS,NBA_FANTASY_PTS,DD2,TD3,WNBA_FANTASY_PTS,GP_RANK,W_RANK,L_RANK,W_PCT_RANK,MIN_RANK,FGM_RANK,FGA_RANK,FG_PCT_RANK,FG3M_RANK,FG3A_RANK,FG3_PCT_RANK,FTM_RANK,FTA_RANK,FT_PCT_RANK,OREB_RANK,DREB_RANK,REB_RANK,AST_RANK,TOV_RANK,STL_RANK,BLK_RANK,BLKA_RANK,PF_RANK,PFD_RANK,PTS_RANK,PLUS_MINUS_RANK,NBA_FANTASY_PTS_RANK,DD2_RANK,TD3_RANK,WNBA_FANTASY_PTS_RANK,TEAM_COUNT,SEASON,WinPCT,TS_PCT,PTS_per36,AST_per36,REB_per36,STL_per36,BLK_per36,TOV_per36
1631260,AJ Green,AJ,1610612749,MIL,26.0,73,29,44,0.397,28.7,3.2,7.6,0.418,2.8,6.8,0.41,0.7,0.8,0.842,0.3,2.3,2.6,2.0,0.9,0.5,0.1,0.2,2.3,1.0,9.8,-1.8,16.7,0,0,18.3,41,192,38,382,112,244,215,413,25,39,70,377,399,137,468,279,332,237,291,384,459,423,127,338,212,392,291,257,31,244,1,2025-26,0.39,0.6161971830985916,12.292682926829269,2.508710801393728,3.261324041811847,0.627177700348432,0.12543554006968644,1.1289198606271778
1630598,Aaron Wiggins,Aaron,1610612760,OKC,27.0,60,47,13,0.783,22.2,3.7,8.5,0.434,1.5,4.3,0.357,0.9,1.2,0.743,0.7,2.5,3.2,1.7,1.3,0.9,0.4,0.5,1.3,1.0,9.7,3.4,18.8,0,0,18.8,192,34,397,33,233,202,184,364,146,148,222,314,313,345,317,246,275,271,196,143,177,197,391,341,215,75,248,257,31,237,1,2025-26,0.792,0.5372175454142667,15.72972972972973,2.7567567567567566,5.1891891891891895,1.4594594594594597,0.6486486486486487,2.1081081081081083
1642846,Ace Bailey,Ace,1610612762,UTA,19.0,69,18,51,0.261,27.5,5.4,12.1,0.444,1.9,5.4,0.348,1.0,1.2,0.767,1.4,2.7,4.1,1.8,1.4,0.8,0.7,0.4,2.7,1.2,13.6,-6.0,24.3,0,0,24.4,81,314,12,474,134,107,90,329,95,84,247,296,296,297,110,232,185,255,167,197,109,258,49,284,121,541,157,257,31,147,1,2025-26,0.269,0.5384859043395629,17.80363636363636,2.3563636363636364,5.367272727272727,1.0472727272727274,0.9163636363636363,1.8327272727272725
1641737,Adem Bona,Adem,1610612755,PHI,23.0,68,39,29,0.574,17.4,1.9,3.1,0.601,0.0,0.1,0.333,1.1,1.6,0.706,1.8,2.5,4.4,0.5,0.8,0.4,1.2,0.4,2.2,1.4,4.9,0.1,15.0,1,0,13.0,92,94,167,209,327,379,438,48,492,519,286,253,239,395,76,248,170,514,344,405,29,251,152,240,391,242,324,187,31,354,1,2025-26,0.551,0.6440588853838065,10.13793103448276,1.0344827586206897,9.10344827586207,0.8275862068965518,2.4827586206896552,1.6551724137931036
1630578,Alperen Sengun,Alperen,1610612745,HOU,23.0,68,43,25,0.632,33.4,8.1,15.6,0.522,0.6,1.8,0.315,3.7,5.4,0.686,2.9,5.9,8.9,6.2,3.1,1.2,1.1,0.9,3.3,5.1,20.6,2.8,44.3,33,4,40.8,92,53,232,141,28,23,40,112,361,357,365,48,37,420,23,27,21,25,17,60,39,42,17,18,39,91,11,8,6,21,1,2025-26,0.623,0.5729862038273253,22.203592814371262,6.682634730538923,9.592814371257486,1.2934131736526946,1.18562874251497,3.3413173652694614
1641708,Amen Thompson,Amen,1610612745,HOU,23.0,75,46,29,0.613,37.3,6.9,13.1,0.525,0.3,1.5,0.223,3.8,4.9,0.78,3.0,4.8,7.8,5.3,2.4,1.5,0.6,0.8,2.2,3.7,17.9,4.7,39.1,19,0,35.5,26,37,167,162,2,54,75,107,419,400,464,44,43,270,21,64,35,45,55,29,116,46,156,50,65,45,35,24,31,42,1,2025-26,0.623,0.5866544310435238,17.276139410187668,5.115281501340483,7.528150134048257,1.4477211796246652,0.579088471849866,2.316353887399464
203952,Andrew Wiggins,Andrew,1610612748,MIA,31.0,64,33,31,0.516,30.6,5.9,12.3,0.478,2.0,4.9,0.417,1.8,2.3,0.787,1.7,3.3,5.0,2.7,1.5,1.2,1.1,0.6,2.3,1.8,15.6,0.2,30.8,2,0,29.8,147,161,139,283,76,83,86,214,74,109,62,145,154,254,81,169,136,159,154,74,41,118,131,184,90,225,91,150,31,93,1,2025-26,0.526,0.5859374999999999,18.352941176470587,3.1764705882352944,5.882352941176471,1.4117647058823528,1.2941176470588236,1.7647058823529411
1641710,Anthony Black,Anthony,1610612753,ORL,22.0,60,33,27,0.55,30.7,5.5,12.3,0.451,1.6,4.7,0.339,2.6,3.6,0.73,0.7,3.1,3.9,3.8,2.1,1.4,0.7,0.9,2.7,2.9,15.3,0.1,29.9,2,0,28.8,192,161,201,240,75,101,87,306,135,119,272,88,77,362,289,182,210,85,70,32,97,43,56,79,96,237,101,150,31,103,1,2025-26,0.532,0.5509939498703543,17.9413680781759,4.456026058631922,4.5732899022801305,1.6416938110749186,0.8208469055374593,2.462540716612378
1630162,Anthony Edwards,Anthony,1610612750,MIN,24.0,60,36,24,0.6,35.2,9.9,20.3,0.489,3.4,8.5,0.398,5.7,7.2,0.796,0.6,4.4,5.0,3.7,2.8,1.4,0.8,0.5,1.9,4.5,28.9,2.8,44.3,2,0,45.4,192,127,243,176,8,7,4,183,7,11,90,16,14,238,336,81,134,93,28,39,71,197,232,30,3,92,12,150,31,10,1,2025-26,0.597,0.6157320606783705,29.55681818181818,3.7840909090909087,5.113636363636363,1.4318181818181817,0.8181818181818182,2.8636363636363633
1641709,Ausar Thompson,Ausar,1610612765,DET,23.0,69,50,19,0.725,26.0,4.2,8.0,0.518,0.1,0.3,0.261,1.5,2.7,0.565,2.1,3.7,5.8,3.0,1.5,2.0,0.9,0.6,2.7,2.1,9.9,5.5,28.7,3,0,24.7,81,17,317,60,165,174,196,119,482,498,436,190,129,499,52,135,79,135,148,4,57,123,45,146,210,36,111,122,31,142,1,2025-26,0.731,0.5387461906835002,13.707692307692309,4.153846153846154,8.03076923076923,2.769230769230769,1.2461538461538462,2.076923076923077
1630245,Ayo Dosunmu,Ayo,1610612750,MIN,26.0,66,34,32,0.515,27.1,5.5,10.8,0.515,1.8,4.1,0.446,1.8,2.1,0.868,0.7,2.8,3.5,3.7,1.3,0.8,0.3,0.8,1.9,1.5,14.7,-1.0,26.3,2,1,25.9,123,154,128,284,144,100,122,122,105,163,33,152,183,100,306,222,244,94,183,183,296,47,240,236,102,327,137,150,21,125,2,2025-26,0.597,0.626919140225179,19.527675276752767,4.915129151291513,4.649446494464945,1.062730627306273,0.3985239852398524,1.7269372693726939
1628389,Bam Adebayo,Bam,1610612748,MIA,28.0,69,35,34,0.507,32.2,6.9,15.7,0.439,1.7,5.5,0.317,4.6,5.9,0.778,2.1,8.0,10.0,3.0,1.7,1.2,0.7,0.5,1.7,4.7,20.2,4.6,40.5,32,0,38.6,81,139,105,296,44,50,38,341,118,80,359,33,28,280,56,7,15,130,126,73,109,152,274,25,44,47,24,10,31,31,1,2025-26,0.526,0.5520332313073896,22.583850931677016,3.354037267080745,11.180124223602483,1.341614906832298,0.7826086956521737,1.9006211180124222
1631248,Baylor Scheierman,Baylor,1610612738,BOS,25.0,72,50,22,0.694,18.2,1.8,4.0,0.45,1.1,2.9,0.386,0.3,0.3,0.864,0.8,2.7,3.5,1.5,0.6,0.6,0.1,0.1,1.3,0.9,5.0,2.5,12.7,4,0,12.3,55,17,275,80,312,390,388,309,226,259,130,486,503,109,281,231,243,304,396,336,486,511,372,361,386,104,368,105,31,363,1,2025-26,0.675,0.6050338818973863,9.89010989010989,2.967032967032967,6.923076923076923,1.1868131868131868,0.19780219780219782,1.1868131868131868
1641767,Ben Sheppard,Ben,1610612754,IND,24.0,65,16,49,0.246,21.4,2.6,6.0,0.434,1.3,3.6,0.362,0.6,0.8,0.765,0.7,2.3,3.0,1.8,0.6,0.6,0.1,0.4,1.8,0.7,7.1,-4.1,14.7,0,0,14.5,136,340,17,490,250,303,288,363,189,194,204,394,397,302,315,277,288,261,379,307,464,245,266,410,303,506,329,257,31,321,1,2025-26,0.234,0.5588790931989924,11.943925233644858,3.0280373831775704,5.046728971962617,1.0093457943925233,0.16822429906542058,1.0093457943925233
1626171,Bobby Portis,Bobby,1610612749,MIL,31.0,67,26,41,0.388,24.2,5.5,11.2,0.488,2.0,4.4,0.456,0.7,1.0,0.706,1.3,5.1,6.4,1.6,1.0,0.6,0.2,0.3,1.6,1.0,13.7,-4.0,25.1,11,0,25.2,105,220,50,389,196,105,110,184,79,138,27,353,341,396,122,54,67,287,271,303,377,294,300,319,120,497,149,50,31,133,1,2025-26,0.39,0.5884879725085911,20.380165289256198,2.3801652892561984,9.520661157024794,0.8925619834710744,0.2975206611570248,1.487603305785124
1630538,Bones Hyland,Bones,1610612750,MIN,25.0,68,41,27,0.603,16.2,2.9,6.5,0.452,1.5,4.0,0.38,0.8,1.1,0.778,0.3,1.4,1.7,2.6,0.9,0.6,0.2,0.4,1.7,0.9,8.2,1.7,15.6,0,0,15.6,92,74,201,175,355,274,263,302,145,169,151,328,334,276,472,418,448,171,288,314,335,219,282,347,259,135,313,257,31,292,1,2025-26,0.597,0.5870561282932416,18.22222222222222,5.777777777777779,3.777777777777778,1.3333333333333333,0.4444444444444445,2.0
1641764,Brandin Podziemski,Brandin,1610612744,GSW,23.0,77,36,41,0.468,28.4,4.7,10.4,0.451,1.8,5.0,0.369,2.2,2.8,0.781,0.9,4.4,5.3,3.8,1.6,1.1,0.2,0.4,1.7,2.8,13.5,0.1,27.9,5,0,27.0,9,127,50,345,117,135,131,305,107,108,182,112,116,268,211,83,112,84,137,91,359,263,272,89,128,236,120,94,31,117,1,2025-26,0.468,0.5802957359009628,17.112676056338028,4.816901408450704,6.71830985915493,1.3943661971830987,0.25352112676056343,2.0281690140845074
1627742,Brandon Ingram,Brandon,1610612761,TOR,28.0,72,40,32,0.556,33.8,7.9,16.8,0.472,1.8,4.7,0.377,3.7,4.6,0.82,0.8,4.8,5.6,3.6,2.5,0.8,0.7,0.9,2.0,3.5,21.4,0.3,35.5,2,0,35.3,55,85,128,233,22,25,25,233,115,120,156,47,49,193,256,71,95,98,45,225,86,37,222,56,31,219,50,150,31,45,1,2025-26,0.558,0.5684232894177644,22.792899408284025,3.8343195266272194,5.964497041420119,0.8520710059171599,0.7455621301775148,2.6627218934911245
1641706,Brandon Miller,Brandon,1610612766,CHA,23.0,61,39,22,0.639,30.2,7.0,16.1,0.437,3.2,8.2,0.392,3.1,3.5,0.892,1.0,4.0,5.0,3.4,2.6,1.0,0.7,0.5,2.8,2.7,20.4,5.8,34.1,3,0,35.4,181,94,275,134,81,46,34,350,12,12,109,70,81,63,175,106,133,108,40,127,94,192,40,97,41,34,62,122,31,43,1,2025-26,0.538,0.5782312925170068,24.31788079470199,4.052980132450331,5.960264900662252,1.1920529801324504,0.8344370860927153,3.099337748344371
1630314,Brandon Williams,Brandon,1610612742,DAL,26.0,65,22,43,0.338,22.1,4.4,9.4,0.47,0.6,2.4,0.234,3.6,4.6,0.795,0.5,2.4,2.9,3.9,1.9,0.9,0.3,0.8,1.6,3.6,13.0,-2.4,24.1,1,0,22.8,136,262,42,415,236,155,154,238,367,302,457,49,48,239,395,263,300,79,89,142,271,44,327,54,137,415,161,187,31,169,1,2025-26,0.312,0.5689775910364145,21.17647058823529,6.352941176470588,4.723981900452488,1.4660633484162897,0.4886877828054298,3.095022624434389
1641729,Brice Sensabaugh,Brice,1610612762,UTA,22.0,72,18,54,0.25,23.3,5.2,11.3,0.46,2.1,5.8,0.363,2.1,2.6,0.822,0.8,2.3,3.1,1.8,1.6,0.7,0.2,0.7,1.9,2.0,14.6,-4.3,22.1,0,0,23.4,55,314,5,481,208,116,109,270,67,72,202,119,133,187,271,281,284,249,135,240,386,97,237,167,105,509,198,257,31,160,1,2025-26,0.269,0.586628093860495,22.55793991416309,2.781115879828326,4.789699570815451,1.0815450643776823,0.3090128755364807,2.4721030042918457
201572,Brook Lopez,Brook,1610612746,LAC,38.0,70,38,32,0.543,21.5,3.0,7.1,0.423,1.5,4.2,0.354,0.7,0.9,0.773,0.5,2.9,3.4,1.3,0.8,0.6,1.2,0.2,2.0,1.2,8.2,0.8,18.9,1,0,18.0,77,106,128,250,249,264,238,393,153,154,230,350,363,286,354,213,247,337,339,292,30,372,218,274,261,184,245,187,31,251,1,2025-26,0.506,0.5469583778014941,13.730232558139534,2.1767441860465118,5.693023255813953,1.0046511627906978,2.0093023255813955,1.3395348837209302
1628971,Bruce Brown,Bruce,1610612743,DEN,29.0,78,50,28,0.641,24.3,3.0,6.3,0.47,0.7,1.8,0.39,1.1,1.5,0.761,1.0,2.7,3.8,2.0,1.1,1.0,0.2,0.5,2.4,1.2,7.8,-1.2,18.1,1,0,16.8,1,17,184,131,194,266,274,243,328,359,118,252,255,310,174,226,218,223,241,109,321,149,106,292,274,344,257,187,31,268,1,2025-26,0.641,0.5603448275862069,11.555555555555555,2.962962962962963,5.629629629629629,1.4814814814814814,0.29629629629629634,1.6296296296296298
1642267,Bub Carrington,Bub,1610612764,WAS,20.0,77,17,60,0.221,27.6,3.6,8.8,0.414,2.0,5.0,0.396,1.0,1.4,0.721,0.4,3.0,3.4,4.6,2.2,0.6,0.2,0.2,2.3,1.4,10.2,-9.4,21.6,0,0,21.9,9,322,1,510,131,209,172,425,86,107,98,289,275,375,412,194,246,62,61,284,346,368,135,252,197,569,202,257,31,184,1,2025-26,0.221,0.5416312659303313,13.304347826086955,6.0,4.434782608695652,0.7826086956521738,0.2608695652173913,2.8695652173913047
203468,CJ McCollum,CJ,1610612737,ATL,34.0,73,36,37,0.493,29.8,6.9,15.1,0.454,2.5,6.7,0.371,2.5,3.2,0.774,0.8,2.5,3.3,3.8,1.8,0.8,0.4,0.6,1.9,2.3,18.7,1.1,30.3,0,0,30.8,41,127,81,321,90,55,44,292,46,42,177,98,94,284,261,257,264,83,113,204,181,125,243,134,56,170,96,257,31,82,2,2025-26,0.577,0.5663920523382603,22.590604026845636,4.590604026845637,3.9865771812080535,0.9664429530201342,0.4832214765100671,2.174496644295302
1630595,Cade Cunningham,Cade,1610612765,DET,24.0,61,44,17,0.721,34.4,8.7,18.9,0.461,2.0,5.8,0.346,5.1,6.2,0.814,0.9,4.7,5.6,9.9,3.7,1.5,0.9,1.1,3.1,4.8,24.5,7.8,49.3,37,3,46.7,181,48,346,62,17,17,11,265,78,70,253,25,22,207,233,73,94,2,4,28,64,16,24,21,18,14,6,6,8,6,1,2025-26,0.731,0.5663954133530609,25.63953488372093,10.36046511627907,5.8604651162790695,1.5697674418604652,0.9418604651162791,3.872093023255814
1642285,Cam Spencer,Cam,1610612763,MEM,25.0,71,23,48,0.324,23.9,3.7,7.8,0.472,2.0,4.5,0.447,1.8,1.9,0.94,0.6,2.0,2.6,5.5,1.3,0.7,0.2,0.2,1.4,1.3,11.1,-1.3,23.8,6,0,23.0,65,248,20,431,200,206,205,231,77,132,32,159,206,38,347,318,341,36,193,235,405,373,356,261,177,345,166,83,31,167,1,2025-26,0.325,0.642658638258453,16.719665271966527,8.284518828451883,3.916317991631799,1.0543933054393306,0.301255230125523,1.9581589958158996
1642868,Carter Bryant,Carter,1610612759,SAS,20.0,67,53,14,0.791,10.8,1.4,3.5,0.386,0.6,2.0,0.307,0.4,0.6,0.711,0.5,1.9,2.4,0.5,0.4,0.2,0.3,0.1,1.2,0.4,3.7,-0.3,8.5,0,0,8.3,105,7,387,29,448,440,409,483,345,327,383,446,447,386,391,333,362,496,465,493,291,451,407,488,441,281,458,257,31,451,1,2025-26,0.756,0.4914984059511158,12.333333333333332,1.6666666666666665,8.0,0.6666666666666666,1.0,1.3333333333333333
1641717,Cason Wallace,Cason,1610612760,OKC,22.0,74,58,16,0.784,26.8,3.3,7.6,0.433,1.3,3.7,0.344,0.7,0.9,0.803,0.8,2.3,3.1,2.6,1.0,2.0,0.4,0.5,2.0,0.8,8.6,6.5,22.3,1,0,20.3,32,3,356,32,150,231,214,367,190,180,262,354,373,220,254,286,283,164,275,5,230,189,202,371,245,22,189,187,31,207,1,2025-26,0.792,0.5377688844422212,11.552238805970148,3.4925373134328357,4.164179104477612,2.6865671641791042,0.5373134328358209,1.3432835820895521
1642907,Cedric Coward,Cedric,1610612763,MEM,22.0,60,20,40,0.333,26.0,4.8,10.4,0.464,1.5,4.4,0.332,2.3,2.7,0.845,1.4,4.5,5.9,2.8,1.8,0.6,0.4,0.7,2.1,2.2,13.4,-0.2,26.0,7,0,25.6,192,290,60,417,166,131,132,258,157,139,313,110,128,135,120,75,76,152,117,286,186,72,187,143,131,266,141,68,31,129,1,2025-26,0.325,0.5781843286158094,18.553846153846155,3.8769230769230765,8.16923076923077,0.8307692307692307,0.5538461538461539,2.4923076923076923
1631096,Chet Holmgren,Chet,1610612760,OKC,23.0,66,53,13,0.803,29.1,6.2,11.3,0.55,1.2,3.5,0.346,3.3,4.1,0.799,1.9,6.9,8.8,1.7,1.5,0.6,1.8,0.8,2.3,3.8,16.9,9.1,35.7,22,0,33.4,123,7,397,25,103,72,108,86,206,201,254,61,60,231,71,18,22,276,144,312,4,58,126,46,79,7,49,19,31,61,1,2025-26,0.792,0.6448412698412698,20.907216494845358,2.1030927835051543,10.88659793814433,0.7422680412371134,2.22680412371134,1.8556701030927834
203991,Clint Capela,Clint,1610612745,HOU,31.0,70,43,27,0.614,12.4,1.5,3.0,0.512,0.0,0.0,0.0,0.6,1.0,0.597,2.1,2.5,4.6,0.7,0.6,0.5,0.8,0.3,1.0,0.7,3.6,1.9,13.5,0,0,11.5,77,53,201,160,422,420,451,132,503,536,503,400,358,487,51,260,157,462,400,389,66,320,465,402,446,121,354,257,31,377,1,2025-26,0.623,0.5232558139534884,10.451612903225808,2.0322580645161286,13.354838709677418,1.4516129032258065,2.32258064516129,1.7419354838709677
1642262,Cody Williams,Cody,1610612762,UTA,21.0,63,15,48,0.238,23.6,3.4,7.1,0.48,0.4,1.8,0.224,1.2,1.7,0.701,1.0,2.0,2.9,1.8,1.0,0.7,0.4,0.7,1.9,1.2,8.5,-5.9,17.1,2,0,15.9,160,354,20,493,203,221,233,206,401,354,463,243,228,402,203,329,299,250,247,237,193,108,245,280,249,540,276,150,31,286,1,2025-26,0.269,0.5415392456676861,12.966101694915254,2.7457627118644066,4.423728813559322,1.0677966101694913,0.6101694915254238,1.5254237288135593
1631221,Collin Gillespie,Collin,1610612756,PHX,26.0,76,41,35,0.539,28.8,4.5,10.7,0.422,3.0,7.3,0.408,1.0,1.1,0.871,1.1,3.0,4.1,4.8,1.6,1.3,0.2,0.4,1.7,1.7,13.0,2.5,27.8,3,0,27.7,23,74,91,256,109,151,125,399,19,21,78,291,322,95,169,192,188,58,138,57,357,237,288,195,139,102,122,122,31,113,1,2025-26,0.545,0.5811874105865522,16.25,6.0,5.125,1.625,0.25,2.0
1629012,Collin Sexton,Collin,1610612741,CHI,27.0,63,23,40,0.365,23.2,5.2,10.5,0.49,1.7,4.1,0.408,3.2,3.7,0.86,0.5,1.6,2.0,3.3,2.0,1.0,0.2,0.8,2.0,3.4,15.2,-1.7,24.0,1,0,24.5,160,248,60,400,211,117,127,178,123,160,77,63,72,113,399,387,399,118,77,126,402,63,203,62,97,378,162,187,31,143,2,2025-26,0.377,0.6266490765171504,23.586206896551722,5.120689655172414,3.1034482758620694,1.5517241379310347,0.3103448275862069,3.1034482758620694
1642843,Cooper Flagg,Cooper,1610612742,DAL,19.0,65,20,45,0.308,33.8,7.9,16.8,0.472,1.0,3.5,0.293,3.9,4.8,0.816,1.2,5.4,6.6,4.5,2.4,1.2,0.9,1.1,2.1,4.1,20.8,-4.4,39.6,12,0,37.2,136,290,30,436,23,26,26,230,257,204,415,42,46,201,139,41,66,63,51,62,51,19,173,38,36,512,33,44,31,37,1,2025-26,0.312,0.5499153976311337,22.153846153846153,4.792899408284024,7.0295857988165675,1.2781065088757397,0.9585798816568049,2.5562130177514795
1641854,Craig Porter Jr.,Craig,1610612739,CLE,26.0,60,40,20,0.667,17.6,1.8,4.0,0.439,0.5,1.5,0.345,0.3,0.6,0.556,1.3,2.0,3.3,3.2,0.9,0.9,0.6,0.3,1.1,0.8,4.3,1.3,16.5,0,0,14.2,192,85,308,92,325,393,390,340,382,403,258,464,438,505,131,318,266,126,287,143,128,310,435,379,413,158,292,257,31,329,1,2025-26,0.623,0.5042213883677298,8.795454545454545,6.545454545454546,6.749999999999999,1.8409090909090908,1.227272727272727,1.8409090909090908
1642450,Daniss Jenkins,Daniss,1610612765,DET,24.0,68,51,17,0.75,20.1,3.3,7.9,0.415,1.0,2.7,0.384,1.8,2.2,0.818,0.7,1.5,2.3,3.8,1.5,0.9,0.2,0.6,1.5,2.0,9.4,3.1,19.5,3,0,18.6,92,13,346,46,277,234,202,423,243,276,137,153,171,199,301,391,380,87,147,161,347,110,342,163,225,84,235,122,31,240,1,2025-26,0.731,0.5299954894000902,16.83582089552239,6.805970149253731,4.119402985074626,1.6119402985074627,0.3582089552238806,2.6865671641791042
1630558,Davion Mitchell,Davion,1610612748,MIA,27.0,67,36,31,0.537,28.6,3.7,7.6,0.483,1.3,3.3,0.395,0.6,0.9,0.672,0.4,2.3,2.7,6.5,1.5,1.0,0.2,0.3,2.6,1.2,9.2,3.5,24.2,4,0,22.0,105,127,139,260,114,207,217,197,187,218,100,389,366,432,403,287,324,21,146,113,396,302,66,286,230,72,159,105,31,181,1,2025-26,0.526,0.5752876438219109,11.580419580419578,8.181818181818182,3.3986013986013983,1.2587412587412585,0.2517482517482518,1.8881118881118881
1630549,Day'Ron Sharpe,Day'Ron,1610612751,BKN,24.0,62,17,45,0.274,18.7,3.5,5.7,0.601,0.1,0.6,0.231,1.7,2.5,0.678,2.8,3.9,6.7,2.3,1.7,1.1,0.4,0.5,2.4,2.0,8.7,-1.8,23.0,5,0,20.9,169,322,30,462,303,219,298,47,468,475,458,171,146,428,26,121,64,193,124,98,185,156,103,164,240,395,174,94,31,201,1,2025-26,0.234,0.639705882352941,16.748663101604276,4.427807486631016,12.898395721925136,2.1176470588235294,0.770053475935829,3.272727272727273
1628368,De'Aaron Fox,De'Aaron,1610612759,SAS,28.0,68,52,16,0.765,31.0,7.0,14.4,0.488,1.8,5.4,0.331,2.6,3.5,0.762,0.6,3.2,3.8,6.2,2.3,1.2,0.3,0.7,2.3,2.6,18.5,6.3,34.4,7,0,33.2,92,12,356,40,67,47,51,185,113,87,317,86,83,309,333,178,214,26,60,60,310,71,133,105,59,23,58,68,31,63,1,2025-26,0.756,0.5803011292346298,21.483870967741936,7.2,4.412903225806452,1.3935483870967742,0.34838709677419355,2.670967741935484
201942,DeMar DeRozan,DeMar,1610612758,SAC,36.0,76,20,56,0.263,31.5,6.5,13.2,0.495,0.6,1.9,0.315,4.9,5.7,0.868,0.5,2.5,3.0,4.2,1.3,1.1,0.3,0.5,2.0,4.1,18.6,-7.8,31.1,2,0,29.0,23,290,4,473,53,62,73,173,354,342,363,28,32,99,398,252,296,67,205,104,286,174,221,40,58,564,88,150,31,100,1,2025-26,0.269,0.5920550038197098,21.257142857142856,4.8,3.4285714285714284,1.2571428571428571,0.3428571428571428,1.4857142857142858
1629028,Deandre Ayton,Deandre,1610612747,LAL,27.0,67,43,24,0.642,27.3,5.6,8.3,0.674,0.0,0.0,0.0,1.2,1.9,0.63,2.6,5.6,8.2,0.8,1.2,0.6,0.9,0.4,2.2,1.6,12.4,-0.5,26.8,21,0,24.4,105,53,243,129,137,99,189,13,503,536,503,242,202,471,33,35,33,423,215,308,50,243,148,214,147,294,132,20,31,145,1,2025-26,0.649,0.6786339754816112,16.35164835164835,1.054945054945055,10.813186813186812,0.7912087912087912,1.1868131868131868,1.5824175824175823
1630166,Deni Avdija,Deni,1610612757,POR,25.0,62,33,29,0.532,33.1,7.3,16.0,0.458,1.9,6.0,0.317,7.4,9.3,0.799,1.2,5.8,7.0,6.7,3.8,0.8,0.6,1.2,2.5,6.6,23.9,0.0,42.8,18,3,42.3,169,161,167,270,38,39,36,278,97,65,357,3,4,233,147,29,50,19,2,206,115,10,71,5,21,246,18,26,8,18,1,2025-26,0.513,0.594764085208043,25.99395770392749,7.287009063444109,7.613293051359516,0.8700906344410876,0.6525679758308156,4.1329305135951655
203471,Dennis Schröder,Dennis,1610612739,CLE,32.0,66,26,40,0.394,24.5,3.7,9.1,0.402,1.1,3.4,0.329,2.4,2.9,0.83,0.4,2.3,2.7,4.8,1.8,0.8,0.2,0.7,1.6,2.5,10.8,-3.5,22.5,2,0,21.5,123,220,60,384,191,208,162,453,233,212,326,102,108,163,407,285,322,55,111,202,386,92,324,115,183,477,184,150,31,190,2,2025-26,0.623,0.520431765612953,15.869387755102041,7.053061224489795,3.9673469387755103,1.1755102040816328,0.2938775510204082,2.6448979591836737
1642852,Derik Queen,Derik,1610612740,NOP,21.0,77,25,52,0.325,24.5,4.2,9.0,0.472,0.3,1.1,0.265,2.6,3.2,0.792,1.6,5.2,6.8,3.7,2.3,1.0,0.9,0.7,2.6,2.6,11.4,-3.7,28.4,11,2,25.9,9,228,10,430,190,166,165,232,435,438,434,90,92,243,86,47,58,96,59,112,61,83,60,102,172,484,114,50,14,124,1,2025-26,0.321,0.5476556495003844,16.751020408163267,5.436734693877551,9.991836734693877,1.4693877551020407,1.3224489795918368,3.3795918367346935
1628401,Derrick White,Derrick,1610612738,BOS,31.0,73,49,24,0.671,34.2,5.8,14.8,0.394,2.7,8.5,0.324,2.5,2.7,0.9,1.1,3.3,4.5,5.5,1.8,1.2,1.3,0.5,1.6,2.9,16.8,7.5,36.1,1,0,34.5,41,25,243,91,20,86,50,470,31,10,339,100,123,48,153,160,162,38,109,75,23,199,308,83,81,16,46,187,31,49,1,2025-26,0.675,0.5253940455341506,17.684210526315788,5.789473684210526,4.7368421052631575,1.263157894736842,1.3684210526315788,1.894736842105263
1630217,Desmond Bane,Desmond,1610612753,ORL,27.0,77,41,36,0.532,34.1,7.2,14.9,0.485,2.1,5.2,0.391,3.9,4.2,0.92,1.2,3.0,4.2,4.2,2.0,1.0,0.4,1.0,3.1,2.8,20.4,1.0,33.9,1,0,33.6,9,74,84,269,21,42,48,190,73,93,113,43,56,45,140,201,179,65,76,108,190,23,26,85,42,173,64,187,31,57,1,2025-26,0.532,0.6090279436350609,21.536656891495596,4.4340175953079175,4.4340175953079175,1.0557184750733137,0.4222873900293255,2.1114369501466275
1626164,Devin Booker,Devin,1610612756,PHX,29.0,61,35,26,0.574,33.4,8.5,18.6,0.456,1.9,5.8,0.328,6.9,8.0,0.868,0.8,3.1,3.9,6.0,3.2,0.8,0.3,1.0,2.6,6.6,25.7,3.0,39.5,6,0,39.7,181,139,219,207,31,20,13,283,98,74,328,5,7,98,279,185,209,30,16,191,283,35,61,4,15,86,34,83,31,25,1,2025-26,0.545,0.5809222423146473,27.70059880239521,6.467065868263473,4.203592814371258,0.8622754491017964,0.32335329341317365,3.4491017964071857
1630170,Devin Vassell,Devin,1610612759,SAS,25.0,63,49,14,0.778,30.5,5.0,11.3,0.438,2.5,6.5,0.389,1.6,2.0,0.816,0.6,3.4,4.0,2.5,0.9,0.8,0.4,0.3,1.6,1.4,14.0,7.8,25.4,1,0,25.5,160,25,387,36,77,129,105,347,43,48,122,179,195,202,349,150,199,181,304,187,211,320,307,247,111,13,145,187,31,130,1,2025-26,0.756,0.5747126436781609,16.524590163934427,2.9508196721311473,4.721311475409836,0.9442622950819672,0.4721311475409836,1.0622950819672132
1631230,Dominick Barlow,Dominick,1610612755,PHI,22.0,67,38,29,0.567,24.0,3.1,5.7,0.544,0.3,1.2,0.259,1.3,1.9,0.712,1.9,2.9,4.7,1.3,0.8,0.8,0.7,0.4,2.1,1.5,7.9,0.1,19.4,2,0,17.3,105,106,167,216,198,250,299,88,430,427,438,215,208,384,74,214,149,341,328,180,88,260,167,217,272,240,240,150,31,258,1,2025-26,0.551,0.6043451652386781,11.85,1.9500000000000002,7.05,1.2,1.0499999999999998,1.2
1642270,Donovan Clingan,Donovan,1610612757,POR,22.0,73,39,34,0.534,27.2,4.6,8.8,0.52,1.0,3.1,0.327,1.8,2.7,0.673,4.5,7.1,11.6,2.1,1.3,0.6,1.7,0.5,2.4,2.3,12.0,0.3,34.6,33,0,31.2,41,94,105,265,142,145,173,113,260,237,329,148,127,431,3,15,3,217,202,313,8,153,100,130,160,217,56,8,31,78,1,2025-26,0.513,0.6007208650380456,15.882352941176471,2.7794117647058822,15.352941176470587,0.7941176470588236,2.25,1.7205882352941178
1628378,Donovan Mitchell,Donovan,1610612739,CLE,29.0,68,43,25,0.632,33.4,9.6,20.0,0.479,3.3,8.9,0.365,5.3,6.2,0.864,0.7,3.8,4.5,5.7,2.8,1.5,0.3,0.6,2.3,4.6,27.7,5.0,44.1,5,0,44.7,92,53,232,141,27,9,5,209,9,7,195,22,23,108,301,132,164,33,26,23,294,110,118,29,8,41,13,94,31,12,1,2025-26,0.623,0.6093804998240056,29.856287425149702,6.1437125748503,4.850299401197605,1.6167664670658684,0.32335329341317365,3.0179640718562872
1628978,Donte DiVincenzo,Donte,1610612750,MIN,29.0,77,46,31,0.597,30.9,4.2,10.3,0.408,3.0,7.9,0.381,1.0,1.3,0.758,0.8,3.4,4.2,3.9,1.5,1.3,0.4,0.2,2.4,1.5,12.3,4.5,26.9,1,0,26.9,9,37,139,185,71,171,134,437,18,16,147,289,288,319,243,157,178,78,156,50,190,420,96,225,148,51,131,187,31,118,1,2025-26,0.597,0.565673289183223,14.330097087378643,4.543689320388349,4.893203883495146,1.5145631067961167,0.46601941747572817,1.7475728155339805
203110,Draymond Green,Draymond,1610612744,GSW,36.0,64,30,34,0.469,27.5,3.1,7.5,0.417,1.5,4.7,0.327,0.8,1.2,0.692,0.8,4.7,5.5,5.4,2.7,0.9,0.6,0.3,2.9,1.6,8.6,-2.0,25.3,2,0,24.2,147,181,105,343,133,248,221,417,142,116,331,319,301,415,266,72,101,44,37,156,111,356,33,208,241,401,146,150,31,153,1,2025-26,0.468,0.5356253114100648,11.258181818181816,7.069090909090909,7.2,1.1781818181818182,0.7854545454545454,3.5345454545454547
1630696,Dru Smith,Dru,1610612748,MIA,28.0,70,38,32,0.543,16.3,1.9,4.6,0.415,0.5,1.8,0.295,1.2,1.5,0.829,0.9,1.6,2.5,2.6,0.8,1.4,0.3,0.4,1.6,1.3,5.6,-1.2,16.9,0,0,14.7,77,106,128,250,353,373,350,421,375,352,411,232,255,166,226,388,353,172,339,33,274,214,325,264,357,341,285,257,31,319,1,2025-26,0.526,0.532319391634981,12.3680981595092,5.742331288343558,5.521472392638037,3.0920245398773,0.6625766871165644,1.7668711656441718
1629130,Duncan Robinson,Duncan,1610612765,DET,31.0,74,55,19,0.743,27.6,4.1,9.0,0.448,2.9,7.0,0.408,1.1,1.4,0.76,0.4,2.3,2.7,2.1,0.7,0.6,0.3,0.2,2.2,1.5,12.0,6.8,20.3,0,0,21.4,32,5,317,52,132,180,163,315,21,31,75,264,272,313,433,283,325,219,363,331,279,416,142,224,157,21,224,257,31,193,1,2025-26,0.731,0.6239600665557404,15.652173913043478,2.739130434782609,3.5217391304347827,0.7826086956521738,0.3913043478260869,0.9130434782608695
1642844,Dylan Harper,Dylan,1610612759,SAS,20.0,65,50,15,0.769,22.4,4.8,9.4,0.506,0.9,2.6,0.333,1.3,1.7,0.743,0.8,2.6,3.4,3.9,1.4,0.8,0.3,0.8,2.0,1.4,11.7,4.4,23.4,0,0,22.0,136,17,374,38,228,133,152,140,289,284,286,220,221,344,280,241,254,79,163,208,258,53,200,249,166,53,170,257,31,183,1,2025-26,0.756,0.5764682696097753,18.80357142857143,6.267857142857143,5.464285714285715,1.2857142857142858,0.4821428571428572,2.25
1630700,Dyson Daniels,Dyson,1610612737,ATL,23.0,73,43,30,0.589,33.1,5.3,10.2,0.519,0.3,1.5,0.182,1.0,1.6,0.623,2.4,4.4,6.7,5.9,1.8,2.0,0.4,0.5,2.1,1.7,11.8,3.8,34.0,13,1,29.5,41,53,154,191,37,109,135,117,439,398,481,292,244,475,45,85,60,32,106,6,194,153,180,192,162,64,63,40,21,96,1,2025-26,0.577,0.5410858400586941,12.833836858006043,6.4169184290030215,7.287009063444109,2.1752265861027187,0.4350453172205438,1.957703927492447
1630596,Evan Mobley,Evan,1610612739,CLE,24.0,62,38,24,0.613,32.1,7.2,13.2,0.544,1.0,3.3,0.299,2.7,4.5,0.606,2.4,6.6,9.0,3.6,1.8,0.8,1.8,0.8,2.5,3.5,18.1,3.6,40.1,26,0,36.8,169,106,243,163,45,41,70,87,272,216,400,84,51,485,44,22,20,97,98,215,7,65,80,57,63,69,30,14,31,39,1,2025-26,0.623,0.596179183135705,20.29906542056075,4.037383177570093,10.093457943925232,0.897196261682243,2.0186915887850465,2.0186915887850465
1627780,Gary Payton II,Gary,1610612744,GSW,33.0,68,32,36,0.471,15.5,3.3,5.7,0.574,0.5,1.8,0.303,0.3,0.5,0.588,1.4,2.3,3.7,1.7,0.9,0.9,0.3,0.2,1.8,0.5,7.3,-1.7,17.1,2,0,15.7,92,168,84,341,369,235,304,64,374,362,390,479,460,489,118,278,220,265,306,161,270,396,254,448,287,385,278,150,31,290,1,2025-26,0.468,0.6165540540540541,16.954838709677418,3.9483870967741934,8.593548387096774,2.0903225806451613,0.6967741935483871,2.0903225806451613
1629018,Gary Trent Jr.,Gary,1610612749,MIL,27.0,64,24,40,0.375,21.2,2.8,7.2,0.39,1.9,5.2,0.368,0.6,0.8,0.765,0.1,0.9,1.0,1.2,0.6,0.5,0.0,0.2,1.3,0.7,8.2,-5.2,12.4,0,0,13.5,147,238,60,394,254,284,231,473,91,97,185,391,394,302,538,487,510,350,387,355,499,417,389,401,263,529,373,257,31,343,1,2025-26,0.39,0.5429025423728813,13.924528301886792,2.0377358490566038,1.6981132075471699,0.8490566037735849,0.0,1.0188679245283019
1641711,Gradey Dick,Gradey,1610612761,TOR,22.0,71,40,31,0.563,14.7,2.2,5.3,0.417,0.8,2.6,0.297,1.0,1.2,0.871,0.6,1.5,2.1,0.7,0.6,0.6,0.1,0.3,1.4,0.9,6.2,1.8,11.3,1,0,11.2,65,85,139,223,384,350,323,416,311,285,402,268,307,95,340,403,398,457,399,305,453,316,371,358,336,125,392,187,31,389,1,2025-26,0.558,0.5319148936170214,15.183673469387756,1.7142857142857142,5.142857142857143,1.469387755102041,0.2448979591836735,1.469387755102041
1627824,Guerschon Yabusele,Guerschon,1610612741,CHI,30.0,64,30,34,0.469,14.6,1.8,4.5,0.403,1.0,2.8,0.357,0.8,1.1,0.743,0.8,2.5,3.3,0.9,0.6,0.4,0.2,0.3,1.2,0.8,5.5,-2.8,12.1,4,0,12.0,147,181,105,343,388,387,356,450,256,263,218,330,326,345,251,251,256,410,398,419,336,344,410,385,370,440,377,105,31,368,2,2025-26,0.377,0.5517656500802568,13.561643835616438,2.219178082191781,8.136986301369863,0.9863013698630138,0.4931506849315069,1.4794520547945205
1630611,Gui Santos,Gui,1610612744,GSW,23.0,65,29,36,0.446,20.3,3.4,6.6,0.51,1.2,3.2,0.355,1.3,1.8,0.728,1.1,2.8,3.9,2.3,1.5,0.9,0.3,0.4,2.0,1.8,9.2,0.4,19.4,3,0,18.9,136,192,84,358,270,226,254,134,220,221,224,221,219,365,161,219,207,197,149,165,238,228,195,187,232,210,238,122,31,232,1,2025-26,0.468,0.6222943722943723,16.31527093596059,4.078817733990148,6.916256157635468,1.5960591133004927,0.5320197044334976,2.6600985221674875
203084,Harrison Barnes,Harrison,1610612759,SAS,33.0,73,54,19,0.74,25.9,3.4,7.5,0.453,1.8,4.7,0.391,1.3,1.6,0.828,0.8,2.0,2.8,2.0,0.8,0.7,0.2,0.3,1.1,1.3,10.0,4.2,18.0,0,0,18.3,41,6,317,54,169,225,220,299,102,117,111,217,240,167,248,318,305,236,337,276,395,336,439,257,206,55,262,257,31,246,1,2025-26,0.756,0.6094588005850804,13.8996138996139,2.7799227799227797,3.891891891891892,0.972972972972973,0.27799227799227805,1.1119691119691122
1642864,Hugo González,Hugo,1610612738,BOS,20.0,72,49,23,0.681,14.7,1.6,3.3,0.473,0.6,1.6,0.357,0.2,0.4,0.5,0.9,2.5,3.4,0.5,0.5,0.5,0.3,0.3,1.7,0.7,3.9,3.3,10.7,2,0,10.0,55,25,259,85,383,410,420,224,366,391,218,511,490,513,236,255,253,489,422,345,284,332,289,395,436,76,409,150,31,406,1,2025-26,0.675,0.5609896432681243,9.551020408163266,1.2244897959183674,8.326530612244898,1.2244897959183674,0.7346938775510204,1.2244897959183674
1630193,Immanuel Quickley,Immanuel,1610612761,TOR,26.0,67,38,29,0.567,32.4,5.9,13.2,0.445,2.6,6.9,0.374,2.5,3.1,0.821,0.5,3.5,4.1,6.0,1.5,1.3,0.1,0.6,2.0,2.8,16.9,1.4,33.4,8,0,32.3,105,106,167,216,42,82,71,326,41,33,165,95,100,190,360,141,190,29,150,51,481,115,196,90,78,151,70,64,31,69,1,2025-26,0.558,0.5801977478714638,18.77777777777778,6.666666666666667,4.555555555555555,1.4444444444444446,0.11111111111111112,1.6666666666666667
1630171,Isaac Okoro,Isaac,1610612741,CHI,25.0,61,25,36,0.41,26.9,3.3,7.2,0.457,1.2,3.5,0.338,1.4,1.8,0.791,1.1,1.6,2.7,1.5,0.7,0.7,0.5,0.5,2.6,1.7,9.2,-5.7,17.5,0,0,17.0,181,228,84,373,149,230,229,279,216,203,276,200,214,245,157,384,323,292,359,252,170,204,68,193,228,537,269,257,31,266,1,2025-26,0.377,0.5755755755755755,12.312267657992564,2.0074349442379185,3.6133828996282533,0.9368029739776952,0.6691449814126395,0.9368029739776952
1630198,Isaiah Joe,Isaiah,1610612760,OKC,26.0,68,53,15,0.779,21.4,3.4,7.6,0.446,2.5,6.0,0.414,1.5,1.7,0.889,0.5,2.1,2.6,1.3,0.6,0.7,0.2,0.3,1.7,1.9,10.8,4.5,18.0,0,0,19.0,92,7,374,35,251,222,212,322,48,64,63,188,226,67,393,305,340,327,384,241,399,356,277,177,184,52,263,257,31,228,1,2025-26,0.792,0.646861523718256,18.16822429906542,2.1869158878504678,4.3738317757009355,1.1775700934579438,0.33644859813084116,1.0093457943925233
1642266,Ja'Kobe Walter,Ja'Kobe,1610612761,TOR,21.0,67,38,29,0.567,19.9,2.4,5.5,0.438,1.4,3.6,0.393,1.0,1.2,0.827,0.8,1.7,2.6,1.2,0.5,1.0,0.2,0.3,2.2,1.1,7.2,-0.3,15.1,0,0,14.7,105,106,167,216,281,321,311,348,170,195,105,272,305,171,263,367,343,364,426,111,377,313,139,296,296,278,322,257,31,315,1,2025-26,0.558,0.59721300597213,13.025125628140703,2.170854271356784,4.703517587939698,1.8090452261306533,0.3618090452261307,0.9045226130653267
1631095,Jabari Smith Jr.,Jabari,1610612745,HOU,22.0,73,45,28,0.616,35.1,5.6,12.6,0.448,2.2,6.2,0.36,2.1,2.7,0.778,1.5,5.4,6.9,1.9,1.4,0.8,0.9,0.7,2.5,2.1,15.6,3.2,30.4,14,0,30.0,41,42,184,154,9,95,83,318,63,55,208,124,130,275,103,39,55,241,179,217,54,87,93,150,92,80,95,36,31,91,1,2025-26,0.623,0.5657093124456049,16.0,1.9487179487179485,7.076923076923077,0.8205128205128206,0.923076923076923,1.4358974358974357
1631133,Jabari Walker,Jabari,1610612755,PHI,23.0,62,35,27,0.565,12.1,1.5,3.4,0.448,0.5,1.5,0.33,0.8,1.0,0.75,1.1,1.9,3.0,0.5,0.4,0.4,0.2,0.4,1.6,0.9,4.3,0.4,10.1,2,0,9.5,169,139,201,221,426,419,415,320,382,397,320,337,339,329,152,337,285,492,459,431,344,274,301,366,415,214,420,150,31,420,1,2025-26,0.551,0.5598958333333334,12.793388429752065,1.487603305785124,8.925619834710744,1.1900826446280992,0.5950413223140496,1.1900826446280992
1630183,Jaden McDaniels,Jaden,1610612750,MIN,25.0,71,43,28,0.606,31.9,5.6,10.9,0.518,1.4,3.4,0.421,2.1,2.5,0.839,1.0,3.2,4.2,2.7,1.8,1.1,1.0,0.5,3.4,2.1,14.8,1.9,28.5,0,0,27.4,65,53,184,172,49,92,120,118,161,208,55,127,147,145,171,176,174,154,104,83,47,144,12,147,101,120,113,257,31,114,1,2025-26,0.597,0.6166666666666667,16.70219435736677,3.047021943573668,4.739811912225706,1.2413793103448278,1.1285266457680252,2.031347962382445
1631170,Jaime Jaquez Jr.,Jaime,1610612748,MIA,25.0,71,39,32,0.549,28.3,6.1,12.2,0.501,0.7,2.4,0.305,2.3,3.0,0.771,1.3,3.8,5.1,4.7,2.0,0.7,0.3,1.0,1.9,2.2,15.2,2.1,29.4,6,0,27.7,65,94,128,242,121,74,89,149,321,304,387,106,105,290,128,129,129,61,78,243,281,33,244,135,98,114,106,83,31,112,1,2025-26,0.526,0.5621301775147929,19.335689045936395,5.978798586572439,6.487632508833921,0.8904593639575972,0.381625441696113,2.544169611307421
1631222,Jake LaRavia,Jake,1610612747,LAL,24.0,77,50,27,0.649,24.9,3.0,6.4,0.462,0.9,3.0,0.32,1.4,1.8,0.768,1.4,2.5,3.9,1.8,1.0,1.2,0.5,0.3,2.4,1.5,8.3,-0.4,19.6,1,0,18.2,9,17,201,120,185,267,269,262,279,256,349,202,211,296,106,262,206,262,252,64,171,312,109,234,256,286,234,187,31,247,1,2025-26,0.649,0.5770300333704116,12.000000000000002,2.6024096385542173,5.63855421686747,1.7349397590361446,0.7228915662650602,1.4457831325301205
1628973,Jalen Brunson,Jalen,1610612752,NYK,29.0,71,47,24,0.662,35.0,9.2,19.9,0.465,2.6,7.2,0.37,4.8,5.7,0.843,0.4,2.9,3.4,6.7,2.4,0.7,0.1,0.7,2.3,5.2,26.0,4.7,40.3,10,0,40.4,65,34,243,107,12,10,6,254,35,25,179,31,31,136,410,207,251,17,52,229,440,91,117,16,13,46,29,55,31,22,1,2025-26,0.641,0.5801499464476974,26.742857142857144,6.8914285714285715,3.4971428571428573,0.72,0.10285714285714286,2.468571428571429
1631105,Jalen Duren,Jalen,1610612765,DET,22.0,67,48,19,0.716,28.3,7.4,11.6,0.645,0.0,0.0,0.0,4.6,6.1,0.748,3.8,6.8,10.6,1.9,1.8,0.8,0.9,1.2,2.8,4.3,19.5,7.0,38.3,41,0,35.4,105,31,317,67,122,32,103,27,503,536,503,34,24,338,8,20,12,242,99,180,63,9,41,35,49,19,38,4,31,44,1,2025-26,0.731,0.6825819098291795,24.80565371024735,2.4169611307420493,13.484098939929329,1.017667844522968,1.1448763250883391,2.2897526501766783
1630552,Jalen Johnson,Jalen,1610612737,ATL,24.0,69,41,28,0.594,35.2,8.4,17.1,0.493,1.7,4.8,0.351,4.2,5.4,0.784,1.4,8.9,10.3,8.0,3.4,1.3,0.4,1.2,2.0,3.8,22.8,2.4,48.9,47,13,46.1,81,74,184,188,7,22,22,174,126,115,241,38,38,259,115,4,14,7,9,55,173,12,190,48,25,107,8,3,2,8,1,2025-26,0.577,0.5853357979051139,23.318181818181817,8.181818181818182,10.534090909090908,1.3295454545454544,0.4090909090909091,3.4772727272727266
1627750,Jamal Murray,Jamal,1610612743,DEN,29.0,73,46,27,0.63,35.3,8.8,18.2,0.483,3.2,7.5,0.434,4.6,5.2,0.885,0.4,4.0,4.4,7.2,2.3,0.9,0.4,0.8,1.7,4.0,25.5,5.5,43.0,18,0,42.8,41,37,201,143,6,16,16,196,10,19,39,32,39,75,409,115,166,13,58,152,228,55,268,41,16,35,17,26,31,15,1,2025-26,0.641,0.6223155017571261,26.005665722379607,7.3427762039660065,4.487252124645893,0.9178470254957508,0.40793201133144485,2.3456090651558075
1642347,Jamal Shead,Jamal,1610612761,TOR,23.0,77,43,34,0.558,22.5,2.3,6.1,0.368,1.0,3.2,0.319,1.2,1.5,0.781,0.3,1.5,1.8,5.4,1.3,1.0,0.2,0.4,2.0,2.1,6.7,2.6,19.2,2,0,17.3,9,53,105,231,224,336,283,508,249,224,355,248,262,269,464,401,430,40,184,129,370,227,203,151,313,99,242,150,31,261,1,2025-26,0.558,0.4955621301775148,10.72,8.64,2.88,1.6,0.32,2.08
201935,James Harden,James,1610612739,CLE,36.0,67,38,29,0.567,35.0,7.0,16.0,0.436,3.0,8.1,0.374,6.6,7.5,0.881,0.6,4.3,4.9,8.1,3.5,1.1,0.4,1.1,2.0,4.7,23.6,1.8,42.6,20,2,42.6,105,106,167,216,11,48,35,353,16,13,166,6,10,78,338,92,143,5,8,89,204,13,223,26,22,127,19,21,14,16,2,2025-26,0.623,0.61139896373057,24.274285714285718,8.331428571428571,5.040000000000001,1.1314285714285715,0.4114285714285714,3.6
1641716,Jarace Walker,Jarace,1610612754,IND,22.0,73,15,58,0.205,25.6,4.0,9.5,0.421,1.7,4.6,0.376,1.8,2.4,0.753,0.6,4.5,5.1,2.4,1.8,0.8,0.3,0.4,1.7,1.6,11.5,-6.2,22.9,3,0,23.0,41,354,3,516,175,184,149,400,117,125,159,151,152,327,327,80,130,189,112,204,253,236,296,207,169,543,177,122,31,166,1,2025-26,0.234,0.5447139067828722,16.171875,3.3749999999999996,7.171874999999999,1.125,0.42187499999999994,2.53125
1642272,Jared McCain,Jared,1610612760,OKC,22.0,62,43,19,0.694,17.3,3.0,7.1,0.422,1.5,3.8,0.39,0.8,0.9,0.873,0.4,1.7,2.1,1.3,0.8,0.5,0.1,0.4,1.2,0.9,8.3,2.5,13.8,0,0,14.4,169,53,317,81,328,257,235,398,152,177,120,337,374,92,448,373,397,326,333,353,476,223,401,366,257,103,347,257,31,324,2,2025-26,0.792,0.5536286019210246,17.271676300578036,2.7052023121387285,4.369942196531792,1.0404624277456647,0.20809248554913293,1.6647398843930634
1629020,Jarred Vanderbilt,Jarred,1610612747,LAL,27.0,60,36,24,0.6,17.5,1.7,3.7,0.466,0.5,1.5,0.297,0.6,0.9,0.623,1.3,3.3,4.5,1.2,0.8,0.9,0.3,0.4,1.7,0.9,4.5,0.1,14.4,1,0,13.0,192,127,243,176,326,397,401,248,396,396,406,404,377,476,130,169,160,348,323,175,274,249,289,360,406,245,336,187,31,357,1,2025-26,0.649,0.54931640625,9.257142857142856,2.468571428571429,9.257142857142856,1.8514285714285714,0.6171428571428572,1.6457142857142857
1629750,Javonte Green,Javonte,1610612765,DET,32.0,78,57,21,0.731,17.6,2.2,5.0,0.443,1.1,3.0,0.373,1.2,1.5,0.836,0.7,2.0,2.7,0.7,0.6,1.2,0.3,0.2,1.3,1.2,6.8,2.4,15.1,1,0,14.4,1,4,291,57,323,341,334,332,227,254,167,231,259,148,284,318,320,461,407,62,292,380,373,281,310,108,321,187,31,325,1,2025-26,0.731,0.6007067137809187,13.909090909090907,1.4318181818181817,5.5227272727272725,2.454545454545454,0.6136363636363635,1.227272727272727
1629637,Jaxson Hayes,Jaxson,1610612747,LAL,25.0,65,43,22,0.662,18.1,2.9,3.9,0.754,0.0,0.0,1.0,1.4,2.2,0.641,1.5,2.6,4.1,0.9,0.4,0.4,0.8,0.2,1.9,2.0,7.3,1.2,16.8,1,0,14.8,136,53,275,108,314,275,394,6,488,528,1,204,170,462,100,236,187,416,461,396,73,446,236,154,292,168,287,187,31,313,1,2025-26,0.649,0.7497945768282661,14.519337016574585,1.7900552486187844,8.154696132596683,0.7955801104972375,1.591160220994475,0.7955801104972375
1630643,Jay Huff,Jay,1610612754,IND,28.0,77,18,59,0.234,20.8,3.5,7.4,0.471,1.5,4.6,0.317,1.0,1.2,0.819,0.9,3.0,3.9,1.4,0.9,0.5,1.8,0.2,2.3,1.2,9.5,-3.1,22.3,1,0,20.8,9,314,2,500,263,214,223,236,156,127,356,272,300,195,222,203,211,318,298,368,5,368,111,276,220,460,190,187,31,202,1,2025-26,0.234,0.5991422805247224,16.442307692307693,2.423076923076923,6.75,0.8653846153846153,3.1153846153846154,1.5576923076923077
1627759,Jaylen Brown,Jaylen,1610612738,BOS,29.0,68,44,24,0.647,34.3,10.4,21.8,0.475,2.0,5.7,0.345,6.1,7.6,0.797,1.1,5.8,7.0,5.3,3.6,1.0,0.4,1.3,2.7,6.3,28.7,4.0,45.6,14,3,45.7,92,48,243,124,19,4,2,218,87,75,257,13,8,236,151,30,52,46,6,113,219,5,52,6,4,58,10,36,8,9,1,2025-26,0.675,0.5707126948775055,30.122448979591837,5.56268221574344,7.346938775510204,1.0495626822157436,0.41982507288629745,3.778425655976677
1641740,Jaylen Clark,Jaylen,1610612750,MIN,24.0,63,37,26,0.587,12.4,1.4,3.2,0.432,0.4,1.3,0.31,0.7,1.1,0.657,0.8,1.0,1.8,0.5,0.3,0.6,0.1,0.2,1.2,0.8,3.8,1.2,8.7,0,0,8.1,160,121,219,193,421,438,433,371,401,412,374,361,333,448,253,482,433,490,490,296,429,427,402,389,438,167,453,257,31,452,1,2025-26,0.597,0.5157437567861021,11.032258064516128,1.4516129032258065,5.225806451612904,1.7419354838709677,0.29032258064516125,0.8709677419354839
1642377,Jaylen Wells,Jaylen,1610612763,MEM,22.0,69,24,45,0.348,26.4,4.4,10.1,0.431,1.9,5.3,0.353,1.9,2.5,0.784,0.9,2.3,3.2,1.6,1.1,0.9,0.1,0.5,2.1,2.6,12.5,-2.6,20.7,0,0,21.2,81,238,30,409,156,158,137,373,100,91,232,139,141,262,228,282,274,284,238,160,425,186,161,101,145,431,218,257,31,195,1,2025-26,0.325,0.5580357142857143,17.045454545454547,2.181818181818182,4.363636363636364,1.2272727272727275,0.13636363636363638,1.5000000000000002
1631119,Jaylin Williams,Jaylin,1610612760,OKC,23.0,62,51,11,0.823,20.0,2.3,5.5,0.423,1.5,4.0,0.382,1.2,1.5,0.793,0.5,5.1,5.6,2.4,1.1,0.5,0.7,0.2,2.0,1.6,7.4,4.5,20.2,6,0,19.3,169,13,420,20,280,328,307,396,144,171,145,245,260,240,368,53,93,187,236,369,100,425,213,210,286,49,225,83,31,222,1,2025-26,0.792,0.6006493506493507,13.32,4.32,10.079999999999998,0.9,1.2599999999999998,1.9800000000000002
1642281,Jaylon Tyson,Jaylon,1610612739,CLE,23.0,64,40,24,0.625,27.0,5.0,10.0,0.496,2.0,4.5,0.455,1.2,1.6,0.743,1.8,3.3,5.1,2.2,1.5,0.8,0.4,0.6,2.5,1.5,13.1,1.9,24.7,7,0,24.8,147,85,243,146,146,128,141,169,76,135,28,247,241,347,78,163,125,208,155,212,197,122,78,233,136,119,155,68,31,138,1,2025-26,0.623,0.6119207772795217,17.466666666666665,2.9333333333333336,6.8,1.0666666666666667,0.5333333333333333,2.0
1642847,Jeremiah Fears,Jeremiah,1610612740,NOP,19.0,78,25,53,0.321,25.0,5.0,11.6,0.432,1.2,3.6,0.343,2.1,2.6,0.785,0.7,2.9,3.6,3.3,2.2,1.1,0.4,1.1,1.8,2.3,13.3,-3.7,24.7,2,0,24.3,1,228,7,432,183,123,101,372,204,198,264,126,132,258,307,212,234,120,67,86,234,20,262,126,132,482,153,150,31,151,1,2025-26,0.321,0.5218141870684244,19.152,4.752000000000001,5.184000000000001,1.584,0.5760000000000001,3.168
1630579,Jericho Sims,Jericho,1610612749,MIL,27.0,62,23,39,0.371,18.6,1.9,2.4,0.793,0.0,0.0,0.0,0.6,0.9,0.636,2.0,3.3,5.3,1.3,1.1,0.2,0.2,0.2,2.0,1.1,4.4,-4.1,13.0,4,0,11.9,169,248,69,396,305,374,483,4,503,536,503,401,374,465,60,164,110,339,240,492,332,395,188,307,409,505,360,105,31,370,1,2025-26,0.39,0.7868383404864092,8.516129032258064,2.516129032258064,10.258064516129032,0.3870967741935484,0.3870967741935484,2.129032258064516
1629111,Jock Landale,Jock,1610612737,ATL,30.0,68,36,32,0.529,22.1,4.1,8.1,0.515,1.1,2.8,0.383,1.2,1.9,0.635,2.7,3.0,5.7,1.7,0.9,0.5,0.5,0.5,2.2,2.0,10.6,-0.8,22.2,9,0,21.1,92,127,128,273,234,176,193,123,236,264,140,246,210,469,30,195,87,267,299,364,136,196,149,156,189,312,194,61,31,196,2,2025-26,0.577,0.5931065353625783,17.266968325791854,2.7692307692307687,9.285067873303166,0.8144796380090498,0.8144796380090498,1.4660633484162897
1628381,John Collins,John,1610612746,LAC,28.0,64,29,35,0.453,27.5,5.3,9.4,0.56,1.3,3.2,0.411,1.7,2.2,0.782,1.5,3.7,5.3,1.0,1.3,0.9,0.8,0.6,2.7,2.2,13.6,-0.2,24.9,3,0,24.3,147,192,91,351,135,113,153,79,188,229,69,164,163,266,97,133,118,381,189,173,82,128,46,137,126,271,151,122,31,150,1,2025-26,0.506,0.6558641975308641,17.80363636363636,1.309090909090909,6.938181818181818,1.1781818181818182,1.0472727272727274,1.7018181818181817
202685,Jonas Valančiūnas,Jonas,1610612743,DEN,33.0,61,38,23,0.623,13.1,3.2,5.7,0.571,0.1,0.3,0.3,1.6,2.1,0.772,1.5,3.3,4.8,1.1,1.1,0.2,0.5,0.5,2.0,2.2,8.2,-1.2,16.9,3,0,15.8,181,106,259,148,411,237,302,74,479,503,394,181,182,289,98,161,146,368,235,490,139,192,194,139,260,340,286,122,31,287,1,2025-26,0.641,0.6189613526570047,22.534351145038165,3.022900763358779,13.19083969465649,0.549618320610687,1.3740458015267176,3.022900763358779
203903,Jordan Clarkson,Jordan,1610612752,NYK,33.0,68,42,26,0.618,18.0,3.3,7.4,0.45,1.0,3.1,0.333,1.1,1.3,0.824,0.9,0.9,1.8,1.3,0.9,0.4,0.1,0.4,1.7,1.1,8.8,1.6,13.7,0,0,14.0,92,65,219,153,319,227,224,308,248,238,286,258,277,181,229,490,439,330,306,410,424,251,282,297,239,141,350,257,31,338,1,2025-26,0.641,0.5519317611640743,17.6,2.6,3.6,0.8,0.2,1.8
1630692,Jordan Goodwin,Jordan,1610612756,PHX,27.0,67,37,30,0.552,22.5,3.2,8.0,0.405,1.6,4.3,0.359,0.6,0.8,0.696,2.0,2.9,4.9,2.2,1.0,1.5,0.2,0.5,1.9,1.0,8.6,1.3,22.0,2,0,20.7,105,121,154,237,222,238,197,444,139,145,212,399,389,411,68,209,143,209,271,22,345,201,227,336,243,165,200,150,31,204,1,2025-26,0.545,0.5148467432950191,13.759999999999998,3.52,7.840000000000001,2.4,0.32,1.6
1641775,Jordan Walsh,Jordan,1610612738,BOS,22.0,63,42,21,0.667,17.6,2.0,3.8,0.512,0.7,1.7,0.391,0.6,0.8,0.755,1.3,2.7,4.0,0.8,0.5,0.7,0.5,0.3,2.0,0.8,5.3,1.7,14.2,2,0,13.1,160,65,291,92,324,369,396,130,332,369,114,382,387,325,124,228,192,442,424,247,168,342,199,376,377,130,339,150,31,351,1,2025-26,0.675,0.6382466281310212,10.84090909090909,1.6363636363636365,8.181818181818182,1.4318181818181817,1.0227272727272727,1.0227272727272727
1630631,Jose Alvarado,Jose,1610612752,NYK,27.0,67,27,40,0.403,19.7,2.6,6.4,0.415,1.4,4.1,0.349,0.5,0.6,0.8,0.4,2.0,2.4,3.4,1.1,1.0,0.1,0.4,1.9,0.8,7.2,0.4,17.2,1,0,16.5,105,211,60,377,287,299,271,424,163,165,245,428,442,226,444,313,364,113,228,135,450,271,239,377,297,211,275,187,31,274,2,2025-26,0.641,0.5402160864345738,13.157360406091373,6.213197969543147,4.385786802030457,1.8274111675126903,0.18274111675126906,2.0101522842639596
1628404,Josh Hart,Josh,1610612752,NYK,31.0,63,41,22,0.651,30.1,4.6,9.1,0.507,1.5,3.7,0.409,1.4,1.9,0.723,1.4,6.1,7.6,4.9,1.9,1.1,0.3,0.6,2.5,2.1,12.1,3.1,30.8,13,2,28.9,160,74,275,117,83,144,161,137,148,184,72,208,203,372,104,26,39,52,90,77,297,131,79,152,155,82,90,40,14,102,1,2025-26,0.641,0.6088969404186796,14.471760797342192,5.86046511627907,9.08970099667774,1.3156146179401995,0.3588039867109634,2.272425249169435
1629006,Josh Okogie,Josh,1610612745,HOU,27.0,73,45,28,0.616,17.3,1.6,3.8,0.438,0.8,2.1,0.397,0.5,0.9,0.571,1.0,1.5,2.5,0.8,0.5,0.8,0.2,0.3,1.4,1.1,4.6,0.8,11.3,1,0,10.7,41,42,184,154,331,406,400,346,304,325,95,422,381,493,198,402,357,424,428,182,382,336,364,311,395,189,391,187,31,395,1,2025-26,0.623,0.5481410867492851,9.572254335260116,1.6647398843930634,5.202312138728323,1.6647398843930634,0.41618497109826585,1.0404624277456647
1630577,Julian Champagnie,Julian,1610612759,SAS,24.0,78,59,19,0.756,27.7,3.7,8.5,0.437,2.5,6.4,0.386,1.4,1.7,0.841,0.9,4.9,5.8,1.5,0.9,0.8,0.4,0.1,1.6,1.0,11.3,7.4,23.3,7,0,23.5,1,1,317,43,130,198,183,352,50,53,131,201,229,141,227,62,83,290,305,210,183,458,303,335,175,17,171,68,31,158,1,2025-26,0.756,0.6109429065743945,14.68592057761733,1.9494584837545126,7.537906137184116,1.0397111913357402,0.5198555956678701,1.1696750902527078
203944,Julius Randle,Julius,1610612750,MIN,31.0,77,46,31,0.597,33.1,7.4,15.3,0.48,1.4,4.3,0.314,5.0,6.2,0.8,1.7,5.1,6.8,5.1,2.7,1.1,0.2,0.8,2.9,4.4,21.1,3.0,38.1,15,3,37.0,9,37,139,185,39,37,41,205,175,144,366,26,21,225,85,49,59,51,30,85,326,60,37,32,34,87,41,34,8,38,1,2025-26,0.597,0.5852007987574883,22.948640483383688,5.546827794561933,7.395770392749244,1.1963746223564955,0.2175226586102719,2.9365558912386707
1630551,Justin Champagnie,Justin,1610612764,WAS,24.0,66,13,53,0.197,19.7,3.3,6.5,0.514,0.7,2.2,0.327,1.2,1.5,0.784,2.1,3.4,5.5,1.2,0.6,0.8,0.6,0.7,1.6,1.2,8.6,-4.3,20.7,4,0,18.9,123,378,7,525,286,228,261,124,317,313,332,238,245,260,53,155,104,359,383,183,118,92,305,279,244,508,219,105,31,234,1,2025-26,0.221,0.6005586592178771,15.715736040609137,2.1928934010152283,10.050761421319796,1.4619289340101524,1.0964467005076142,1.0964467005076142
1642348,Justin Edwards,Justin,1610612755,PHI,22.0,60,35,25,0.583,15.3,2.2,4.9,0.449,1.0,2.8,0.367,0.6,0.7,0.846,0.4,1.1,1.5,1.3,0.6,0.8,0.2,0.3,1.5,0.6,6.0,-1.7,12.2,0,0,11.8,192,139,232,195,371,346,341,313,247,265,188,404,426,130,427,461,468,338,405,192,368,327,343,441,340,386,375,257,31,371,1,2025-26,0.551,0.576036866359447,14.117647058823529,3.058823529411765,3.5294117647058822,1.8823529411764706,0.47058823529411764,1.4117647058823528
1626157,Karl-Anthony Towns,Karl-Anthony,1610612752,NYK,30.0,72,46,26,0.639,31.0,6.9,13.8,0.496,1.5,4.1,0.368,4.8,5.7,0.855,3.2,8.7,11.9,2.9,2.5,0.8,0.5,1.0,3.4,4.9,20.1,5.0,40.4,53,1,39.2,55,37,219,135,69,56,57,170,147,162,186,30,34,119,15,5,2,140,43,176,131,24,10,20,45,42,28,1,21,28,1,2025-26,0.641,0.61626195732156,23.34193548387097,3.367741935483871,13.819354838709678,0.9290322580645162,0.5806451612903225,2.903225806451613
1631255,Karlo Matković,Karlo,1610612740,NOP,25.0,62,24,38,0.387,14.7,2.3,3.8,0.604,0.6,1.5,0.422,0.5,0.7,0.732,1.2,2.5,3.7,0.8,0.5,0.4,0.9,0.2,1.7,0.6,5.7,-1.5,14.6,1,0,13.3,169,238,71,391,382,332,399,45,350,402,52,425,424,360,147,247,224,431,414,412,62,442,280,430,354,362,330,187,31,345,1,2025-26,0.321,0.6937682570593964,13.95918367346939,1.959183673469388,9.061224489795919,0.979591836734694,2.2040816326530615,1.2244897959183674
202695,Kawhi Leonard,Kawhi,1610612746,LAC,34.0,61,35,26,0.574,32.1,9.8,19.4,0.505,2.6,6.8,0.385,5.8,6.5,0.899,1.1,5.3,6.3,3.6,2.0,2.0,0.4,0.5,1.2,5.1,28.0,5.2,46.2,5,0,45.4,181,139,219,207,46,8,8,142,39,38,134,14,18,51,170,42,68,101,74,7,174,162,405,19,6,39,9,94,31,11,1,2025-26,0.506,0.628930817610063,31.401869158878505,4.037383177570093,7.065420560747663,2.2429906542056073,0.4485981308411215,2.2429906542056073
1642276,Kel'el Ware,Kel'el,1610612748,MIA,21.0,73,37,36,0.507,22.3,4.5,8.5,0.529,1.2,3.0,0.384,1.0,1.3,0.755,2.9,6.2,9.1,0.7,0.8,0.8,1.1,0.3,1.6,1.1,11.1,-0.6,28.0,24,0,25.9,41,121,84,298,232,153,182,104,222,245,139,292,287,323,24,24,19,463,327,213,35,281,311,298,178,298,117,15,31,126,1,2025-26,0.526,0.6117724867724869,17.919282511210763,1.1300448430493273,14.690582959641254,1.2914798206278026,1.775784753363229,1.2914798206278026
1629640,Keldon Johnson,Keldon,1610612759,SAS,26.0,78,59,19,0.756,23.2,5.0,9.5,0.525,1.2,3.3,0.373,1.8,2.2,0.798,1.6,3.7,5.3,1.4,0.8,0.5,0.1,0.7,2.0,1.7,13.0,3.6,22.5,5,0,22.1,1,1,317,43,210,124,148,108,204,219,171,155,164,234,91,136,115,325,317,350,439,97,212,201,138,68,186,94,31,177,1,2025-26,0.756,0.6209400076423386,20.172413793103452,2.172413793103448,8.224137931034484,0.7758620689655173,0.15517241379310345,1.2413793103448276
1631165,Keon Ellis,Keon,1610612739,CLE,26.0,68,28,40,0.412,20.3,2.3,5.2,0.435,1.2,3.4,0.361,0.7,1.0,0.723,0.5,1.3,1.8,0.9,0.6,1.2,0.7,0.1,1.9,1.2,6.5,-2.1,15.0,0,0,14.2,92,201,60,372,272,334,324,358,200,206,207,366,359,371,353,437,429,407,395,68,108,486,241,291,327,404,323,257,31,331,2,2025-26,0.623,0.576241134751773,11.527093596059114,1.5960591133004927,3.1921182266009853,2.12807881773399,1.2413793103448276,1.064039408866995
201142,Kevin Durant,Kevin,1610612745,HOU,37.0,74,45,29,0.608,36.4,9.1,17.6,0.518,2.4,5.8,0.409,5.2,5.9,0.877,0.5,4.9,5.4,4.7,3.2,0.8,0.9,0.5,1.8,4.8,25.8,4.6,41.3,7,0,41.7,32,42,167,167,3,12,19,120,54,71,73,24,29,84,370,59,106,59,15,189,59,169,257,23,14,48,22,68,31,19,1,2025-26,0.623,0.6387403446226976,25.516483516483518,4.648351648351649,5.340659340659341,0.7912087912087913,0.8901098901098902,3.164835164835165
1628989,Kevin Huerter,Kevin,1610612765,DET,27.0,66,38,28,0.576,22.4,3.9,8.6,0.45,1.4,4.7,0.302,0.8,1.0,0.768,0.5,3.0,3.5,2.5,1.0,0.8,0.5,0.4,1.7,1.1,9.9,1.3,20.9,1,0,20.0,123,106,184,203,226,192,180,311,168,121,392,332,336,295,369,195,239,178,250,183,162,239,273,308,208,156,213,187,31,211,2,2025-26,0.731,0.547566371681416,15.910714285714286,4.017857142857143,5.625,1.2857142857142858,0.8035714285714286,1.6071428571428572
202691,Klay Thompson,Klay,1610612742,DAL,36.0,66,19,47,0.288,21.9,4.2,10.5,0.395,2.9,7.6,0.386,0.5,0.7,0.756,0.3,1.9,2.1,1.4,0.9,0.5,0.3,0.1,1.0,0.4,11.8,-2.0,17.8,0,0,19.7,123,303,27,447,239,175,128,468,20,18,127,412,418,322,489,346,393,322,283,383,287,463,448,487,164,402,266,257,31,215,1,2025-26,0.312,0.5458919319022947,19.397260273972606,2.3013698630136985,3.4520547945205484,0.8219178082191781,0.4931506849315069,1.4794520547945207
1642920,Kobe Sanders,Kobe,1610612746,LAC,23.0,63,33,30,0.524,19.8,2.5,5.5,0.46,1.1,2.8,0.402,0.7,0.9,0.789,0.4,1.8,2.3,1.6,1.3,0.7,0.1,0.2,2.1,0.9,6.9,0.1,13.2,0,0,13.5,160,161,154,278,284,306,309,271,230,272,84,355,368,248,404,351,377,281,204,265,429,374,169,359,308,239,359,257,31,344,1,2025-26,0.506,0.5851424694708277,12.545454545454547,2.909090909090909,4.181818181818182,1.2727272727272727,0.18181818181818182,2.3636363636363638
1642851,Kon Knueppel,Kon,1610612766,CHA,20.0,77,42,35,0.545,31.5,6.5,13.4,0.483,3.4,7.9,0.431,2.5,2.9,0.865,1.2,4.2,5.4,3.4,1.9,0.7,0.2,0.6,2.1,2.3,18.8,4.2,31.2,7,0,32.9,9,65,91,245,54,64,66,195,5,15,42,97,113,105,143,99,108,111,87,253,326,121,181,128,55,57,87,68,31,67,1,2025-26,0.538,0.6405014990460616,21.485714285714284,3.8857142857142852,6.171428571428572,0.7999999999999999,0.22857142857142856,2.1714285714285713
1627739,Kris Dunn,Kris,1610612746,LAC,32.0,77,39,38,0.506,27.3,2.8,5.9,0.478,1.0,2.6,0.375,0.8,1.0,0.775,0.7,2.5,3.3,3.6,1.3,1.6,0.2,0.3,2.3,0.9,7.4,0.2,20.8,0,0,18.8,9,94,71,299,138,285,291,213,275,287,160,331,338,283,298,244,268,100,188,18,370,338,111,349,285,229,217,257,31,236,1,2025-26,0.506,0.5835962145110409,9.758241758241757,4.747252747252747,4.351648351648351,2.10989010989011,0.26373626373626374,1.7142857142857142
1642271,Kyle Filipowski,Kyle,1610612762,UTA,22.0,75,21,54,0.28,23.3,4.1,8.3,0.498,1.0,2.9,0.333,2.1,2.8,0.751,1.8,5.3,7.1,2.5,1.6,1.0,0.5,0.6,3.0,2.0,11.3,-3.0,26.4,12,0,24.9,26,278,5,458,209,177,188,166,276,258,286,122,118,328,77,43,47,183,134,130,146,116,32,166,173,457,135,44,31,137,1,2025-26,0.269,0.5927402433906841,17.45922746781116,3.8626609442060085,10.969957081545065,1.5450643776824033,0.7725321888412017,2.4721030042918457
1628398,Kyle Kuzma,Kyle,1610612749,MIL,30.0,67,29,38,0.433,26.3,5.0,10.2,0.49,1.2,3.6,0.345,2.0,2.8,0.724,0.8,3.8,4.6,2.6,1.6,0.7,0.4,0.6,2.0,2.3,13.2,-4.0,24.1,4,0,23.7,105,192,71,365,159,126,136,179,203,197,261,133,119,369,247,130,159,169,133,264,215,139,219,131,135,503,160,105,31,157,1,2025-26,0.39,0.5773268019594122,18.068441064638783,3.55893536121673,6.29657794676806,0.9581749049429658,0.5475285171102662,2.1901140684410647
1630163,LaMelo Ball,LaMelo,1610612766,CHA,24.0,68,39,29,0.574,27.8,6.9,17.0,0.403,3.6,10.0,0.365,2.1,2.4,0.89,0.9,3.9,4.8,7.1,2.7,1.2,0.2,0.8,2.7,3.0,19.5,6.1,37.6,10,1,38.0,92,94,167,209,129,53,23,452,3,3,196,116,150,65,234,117,148,14,33,68,325,66,52,76,48,26,43,55,21,35,1,2025-26,0.538,0.5399867080194949,25.251798561151077,9.194244604316545,6.215827338129496,1.553956834532374,0.2589928057553957,3.496402877697842
1629652,Luguentz Dort,Luguentz,1610612760,OKC,26.0,64,50,14,0.781,27.3,2.9,7.7,0.381,1.8,5.5,0.338,0.7,0.9,0.759,0.9,2.8,3.7,1.2,0.8,0.8,0.4,0.2,2.7,1.5,8.4,4.2,17.5,0,0,17.6,147,17,387,34,139,269,209,489,103,83,275,367,367,315,230,220,227,347,330,194,197,385,50,223,251,56,272,257,31,254,1,2025-26,0.792,0.5187747035573123,11.076923076923077,1.5824175824175823,4.879120879120879,1.054945054945055,0.5274725274725275,1.054945054945055
1629029,Luka Dončić,Luka,1610612747,LAL,27.0,64,43,21,0.672,35.8,10.8,22.8,0.476,4.0,10.8,0.366,7.9,10.1,0.78,0.6,7.1,7.7,8.3,4.0,1.6,0.5,0.4,2.4,7.3,33.5,2.9,57.7,34,8,57.8,147,53,291,89,4,2,1,217,2,2,191,2,1,272,321,14,36,4,1,17,135,216,97,2,1,88,2,7,4,1,1,2025-26,0.649,0.6148142710321539,33.68715083798883,8.3463687150838,7.743016759776538,1.6089385474860338,0.5027932960893855,4.022346368715084
1630568,Luka Garza,Luka,1610612738,BOS,27.0,67,45,22,0.672,15.9,2.8,4.9,0.583,0.8,1.8,0.441,1.3,1.6,0.764,2.2,1.7,3.9,0.9,0.6,0.4,0.4,0.3,2.3,1.7,7.7,1.7,15.5,1,0,14.9,105,42,275,90,362,280,343,60,310,367,37,228,233,306,48,375,202,403,373,429,215,302,129,200,276,136,315,187,31,311,1,2025-26,0.675,0.6870092790863669,17.433962264150942,2.0377358490566038,8.830188679245284,0.9056603773584906,0.9056603773584906,1.3584905660377358
1628379,Luke Kennard,Luke,1610612747,LAL,29.0,73,42,31,0.575,21.2,2.9,5.4,0.542,1.5,3.2,0.487,0.7,0.7,0.926,0.4,1.8,2.2,1.9,0.7,0.6,0.1,0.2,1.3,0.6,8.1,0.2,15.1,0,0,15.3,41,65,139,205,256,272,313,92,140,227,25,368,408,41,429,357,387,239,353,289,443,379,383,418,265,228,319,257,31,306,2,2025-26,0.649,0.709530483531885,13.754716981132074,3.2264150943396226,3.735849056603774,1.0188679245283019,0.169811320754717,1.1886792452830188
1628436,Luke Kornet,Luke,1610612759,SAS,30.0,65,49,16,0.754,21.0,2.5,4.0,0.64,0.0,0.0,0.0,1.4,1.7,0.821,2.7,3.4,6.1,1.8,0.4,0.4,1.0,0.3,1.8,1.9,6.5,1.5,20.5,3,0,17.3,136,25,356,45,258,307,391,31,503,536,503,203,225,188,28,153,74,256,467,396,46,333,266,178,326,149,223,122,31,259,1,2025-26,0.756,0.6844987363100252,11.142857142857142,3.085714285714286,10.457142857142856,0.6857142857142857,1.7142857142857142,0.6857142857142857
203935,Marcus Smart,Marcus,1610612747,LAL,32.0,60,39,21,0.65,28.7,3.1,7.7,0.399,1.6,4.8,0.336,1.7,2.1,0.816,0.6,2.2,2.8,2.8,1.5,1.4,0.4,0.2,2.6,2.3,9.5,4.0,20.8,0,0,20.2,192,94,291,118,111,252,206,458,135,114,283,168,181,202,335,300,318,146,160,36,229,386,62,129,221,61,215,257,31,210,1,2025-26,0.649,0.5507884972170686,11.91637630662021,3.512195121951219,3.512195121951219,1.7560975609756095,0.5017421602787457,1.8815331010452963
1641824,Matas Buzelis,Matas,1610612741,CHI,21.0,76,28,48,0.368,29.2,5.8,12.4,0.465,2.3,6.4,0.356,2.4,3.1,0.787,1.0,4.8,5.8,2.0,2.1,0.7,1.5,0.7,2.3,2.6,16.3,-3.8,30.8,4,0,30.8,23,201,20,397,102,88,84,251,62,52,223,103,99,253,183,69,81,222,72,250,19,70,115,109,86,486,89,105,31,81,1,2025-26,0.377,0.5921243824469631,20.095890410958905,2.4657534246575343,7.150684931506849,0.8630136986301369,1.8493150684931507,2.589041095890411
1631108,Max Christie,Max,1610612742,DAL,23.0,72,22,50,0.306,29.4,4.2,9.5,0.443,2.3,5.8,0.405,1.5,1.7,0.892,0.2,3.1,3.3,2.0,1.3,0.6,0.3,0.5,1.3,1.5,12.2,-4.8,20.6,0,0,21.7,55,262,14,438,101,170,151,331,57,73,82,191,231,61,508,186,261,234,200,318,239,148,375,226,151,521,220,257,31,186,1,2025-26,0.312,0.5952380952380952,14.938775510204081,2.4489795918367347,4.040816326530612,0.7346938775510204,0.3673469387755102,1.5918367346938775
1642875,Maxime Raynaud,Maxime,1610612758,SAC,22.0,70,20,50,0.286,26.1,5.1,8.9,0.57,0.3,0.9,0.297,1.7,2.2,0.786,1.9,5.5,7.4,1.3,1.2,0.5,0.5,0.5,2.4,1.9,12.1,-6.5,24.8,17,0,23.1,77,290,14,448,162,121,168,76,441,458,405,166,168,255,70,37,46,334,219,369,143,174,102,179,152,545,152,28,31,163,1,2025-26,0.269,0.6130928252938792,16.689655172413794,1.7931034482758619,10.206896551724139,0.689655172413793,0.689655172413793,1.6551724137931032
1628969,Mikal Bridges,Mikal,1610612752,NYK,29.0,78,50,28,0.641,33.3,5.8,12.0,0.487,1.9,5.3,0.371,1.0,1.2,0.832,1.0,2.9,3.9,3.8,1.1,1.3,0.8,0.2,2.0,1.5,14.7,3.4,30.2,1,0,28.4,1,17,184,131,32,84,94,186,89,92,176,271,302,160,197,210,205,90,246,46,78,380,217,226,103,74,97,187,31,107,1,2025-26,0.641,0.5866858237547892,15.891891891891893,4.108108108108109,4.216216216216217,1.4054054054054055,0.864864864864865,1.1891891891891895
1628970,Miles Bridges,Miles,1610612766,CHA,28.0,73,40,33,0.548,31.2,6.3,13.8,0.455,1.9,5.9,0.329,2.8,3.3,0.831,0.9,4.8,5.8,3.2,1.4,0.6,0.4,0.5,1.7,2.3,17.2,2.0,30.7,7,0,30.2,41,85,116,243,63,71,60,289,90,68,322,81,89,162,204,65,82,127,166,289,175,185,268,127,71,118,94,68,31,89,1,2025-26,0.538,0.5638604773144505,19.846153846153847,3.6923076923076925,6.6923076923076925,0.6923076923076923,0.46153846153846156,1.6153846153846154
1642885,Mohamed Diawara,Mohamed,1610612752,NYK,20.0,67,41,26,0.612,8.8,1.3,3.0,0.436,0.7,1.8,0.39,0.2,0.3,0.737,0.2,1.1,1.3,0.7,0.4,0.2,0.1,0.1,0.7,0.2,3.6,0.9,6.7,0,0,6.9,105,74,219,164,481,448,442,355,322,356,117,504,509,352,503,460,488,458,465,493,467,495,501,531,448,179,484,257,31,478,1,2025-26,0.641,0.5747126436781609,14.727272727272727,2.8636363636363633,5.3181818181818175,0.8181818181818182,0.4090909090909091,1.6363636363636365
1630541,Moses Moody,Moses,1610612744,GSW,23.0,60,30,30,0.5,25.7,4.1,9.3,0.44,2.5,6.3,0.401,1.5,1.9,0.77,0.9,2.5,3.3,1.6,1.0,1.0,0.6,0.4,2.0,1.4,12.1,1.3,22.2,0,0,22.7,192,181,154,300,173,179,158,336,44,54,86,197,205,293,241,261,258,280,279,131,125,233,192,246,153,158,192,257,31,171,1,2025-26,0.468,0.5968823993685871,16.94941634241245,2.241245136186771,4.622568093385214,1.4007782101167314,0.8404669260700389,1.4007782101167314
1631243,Mouhamed Gueye,Mouhamed,1610612737,ATL,23.0,74,43,31,0.581,15.4,1.7,3.8,0.454,0.5,1.7,0.306,0.5,0.8,0.645,1.2,2.4,3.6,0.9,0.4,0.8,0.5,0.1,1.6,0.8,4.5,0.2,13.6,3,0,12.1,32,53,139,197,370,398,397,294,379,378,384,406,388,458,146,264,231,411,458,198,161,452,298,390,403,221,353,122,31,366,1,2025-26,0.577,0.541907514450867,10.519480519480519,2.103896103896104,8.415584415584416,1.8701298701298703,1.1688311688311688,0.9350649350649352
1631217,Moussa Diabaté,Moussa,1610612766,CHA,24.0,69,38,31,0.551,26.0,3.2,5.1,0.63,0.0,0.0,0.5,1.6,2.5,0.659,3.8,5.0,8.8,1.8,1.0,0.8,1.0,0.6,2.4,2.7,8.0,5.2,25.6,20,0,22.2,81,106,139,239,167,242,333,36,502,529,17,178,144,446,9,55,23,251,255,209,48,141,101,96,269,38,144,21,31,176,1,2025-26,0.538,0.6451612903225807,11.076923076923077,2.4923076923076923,12.184615384615386,1.1076923076923078,1.3846153846153846,1.3846153846153846
1626167,Myles Turner,Myles,1610612749,MIL,30.0,69,28,41,0.406,27.0,3.9,9.0,0.437,2.1,5.4,0.387,1.8,2.4,0.74,1.0,4.2,5.2,1.4,1.2,0.7,1.6,0.5,2.6,2.2,11.8,-3.6,25.8,3,0,25.1,81,201,50,374,145,189,164,351,66,85,126,147,148,350,178,96,119,305,218,256,13,200,65,140,163,480,143,122,31,136,1,2025-26,0.39,0.5867143993635641,15.733333333333334,1.8666666666666667,6.933333333333334,0.9333333333333333,2.1333333333333333,1.6
1641772,Nae'Qwan Tomlin,Nae'Qwan,1610612739,CLE,25.0,60,39,21,0.65,15.2,2.2,4.8,0.47,0.4,1.7,0.204,0.7,0.9,0.75,1.2,1.4,2.7,0.8,0.4,0.7,0.5,0.4,1.9,0.7,5.5,0.6,12.9,0,0,11.6,192,94,291,118,373,340,348,241,414,374,468,358,365,329,138,409,327,443,473,280,142,249,228,412,363,203,362,257,31,374,1,2025-26,0.623,0.5292532717474981,13.026315789473685,1.8947368421052633,6.394736842105264,1.657894736842105,1.1842105263157894,0.9473684210526316
1630230,Naji Marshall,Naji,1610612742,DAL,28.0,72,24,48,0.333,29.6,5.7,11.1,0.512,0.9,2.9,0.295,3.1,4.1,0.765,0.9,3.8,4.7,3.3,1.6,1.1,0.1,0.7,1.9,2.6,15.4,-2.8,27.8,2,0,26.5,55,238,20,417,97,89,113,128,294,259,409,69,59,301,220,128,150,121,135,100,472,105,229,108,93,444,121,150,31,120,1,2025-26,0.312,0.5967141971481711,18.72972972972973,4.013513513513513,5.716216216216216,1.337837837837838,0.12162162162162163,1.945945945945946
1629675,Naz Reid,Naz,1610612750,MIN,26.0,74,45,29,0.608,26.1,5.1,11.3,0.456,2.1,5.9,0.364,1.2,1.6,0.733,1.1,5.1,6.3,2.2,1.6,1.0,1.0,0.5,2.5,1.5,13.6,2.1,28.8,6,0,28.2,32,42,167,167,160,118,106,286,64,69,198,244,236,356,150,51,71,203,132,133,43,158,75,219,125,113,110,83,31,109,1,2025-26,0.597,0.56647784071976,18.75862068965517,3.03448275862069,8.689655172413792,1.379310344827586,1.379310344827586,2.206896551724138
1629674,Neemias Queta,Neemias,1610612738,BOS,26.0,72,49,23,0.681,25.4,4.2,6.6,0.643,0.0,0.1,0.0,1.7,2.4,0.699,2.9,5.4,8.4,1.6,1.0,0.8,1.3,0.5,2.8,2.5,10.1,6.0,27.9,16,0,24.4,55,25,259,85,180,168,256,28,503,517,503,169,151,410,22,38,29,286,251,201,25,174,39,115,201,29,119,29,31,149,1,2025-26,0.675,0.6596133751306165,14.314960629921261,2.2677165354330713,11.905511811023622,1.1338582677165356,1.8425196850393704,1.4173228346456692
1629651,Nic Claxton,Nic,1610612751,BKN,26.0,69,17,52,0.246,27.8,4.8,8.4,0.571,0.0,0.3,0.158,2.0,3.3,0.616,2.4,4.5,6.9,3.7,1.4,0.7,1.1,0.7,2.3,3.5,11.7,-7.5,29.5,11,2,25.9,81,322,10,489,127,132,185,72,489,505,486,129,88,479,40,77,54,94,172,278,36,106,124,60,165,561,105,50,14,123,1,2025-26,0.234,0.5937880633373933,15.151079136690646,4.7913669064748206,8.93525179856115,0.9064748201438848,1.4244604316546763,1.8129496402877696
1629638,Nickeil Alexander-Walker,Nickeil,1610612737,ATL,27.0,75,42,33,0.56,33.2,6.9,15.3,0.454,3.2,8.0,0.394,3.6,4.0,0.9,0.7,2.8,3.5,3.7,2.1,1.3,0.5,0.8,2.2,3.8,20.6,3.1,33.8,2,0,34.7,26,65,116,228,33,49,42,295,14,14,102,51,66,48,309,218,241,92,71,49,134,51,145,47,38,83,66,150,31,47,1,2025-26,0.577,0.6037514654161782,22.33734939759036,4.0120481927710845,3.795180722891566,1.4096385542168675,0.5421686746987951,2.2771084337349397
201587,Nicolas Batum,Nicolas,1610612746,LAC,37.0,71,38,33,0.535,17.8,1.3,3.3,0.398,1.2,3.1,0.398,0.1,0.2,0.818,0.3,2.2,2.5,0.9,0.5,0.7,0.3,0.0,1.3,0.1,4.0,-0.3,10.7,0,0,10.6,65,106,116,264,322,450,429,461,198,234,91,527,534,196,465,291,344,417,427,275,267,524,380,549,433,274,408,257,31,400,1,2025-26,0.506,0.5903187721369539,8.089887640449438,1.8202247191011236,5.056179775280898,1.4157303370786516,0.6067415730337078,1.0112359550561798
203999,Nikola Jokić,Nikola,1610612743,DEN,31.0,62,40,22,0.645,35.0,10.0,17.4,0.571,1.8,4.6,0.383,6.2,7.5,0.827,2.9,10.0,12.9,10.9,3.8,1.4,0.8,0.8,2.7,6.7,27.9,8.4,62.3,53,32,57.7,169,85,275,125,10,6,20,73,114,126,141,12,12,170,25,1,1,1,3,41,72,56,44,3,7,11,1,1,1,2,1,2025-26,0.641,0.6739130434782609,28.697142857142858,11.211428571428572,13.26857142857143,1.44,0.8228571428571428,3.9085714285714284
202696,Nikola Vučević,Nikola,1610612738,BOS,35.0,60,32,28,0.533,29.0,6.4,12.8,0.496,1.6,4.3,0.373,1.3,1.5,0.835,2.0,6.6,8.6,3.4,1.3,0.6,0.7,0.5,2.0,1.9,15.6,-0.8,33.5,23,0,31.7,192,168,184,267,105,66,80,168,137,148,171,223,252,150,62,21,26,110,185,301,103,191,214,175,91,310,68,18,31,72,2,2025-26,0.675,0.5794947994056463,19.365517241379308,4.220689655172413,10.675862068965516,0.7448275862068965,0.8689655172413793,1.6137931034482758
1642363,Nique Clifford,Nique,1610612758,SAC,24.0,71,20,51,0.282,24.4,3.1,7.6,0.412,1.0,3.0,0.338,0.8,1.1,0.688,0.9,2.8,3.6,2.3,1.5,0.9,0.3,0.5,2.1,0.9,8.0,-2.7,18.0,0,0,17.4,65,290,12,456,192,247,216,429,259,245,276,336,319,417,237,221,230,201,159,146,267,173,184,345,268,437,260,257,31,256,1,2025-26,0.269,0.4948045522018803,11.80327868852459,3.393442622950819,5.311475409836066,1.3278688524590165,0.4426229508196721,2.2131147540983607
1641730,Noah Clowney,Noah,1610612751,BKN,21.0,66,17,49,0.258,27.0,3.8,9.6,0.396,2.0,5.9,0.329,2.7,3.4,0.804,0.8,3.3,4.1,1.6,1.5,0.8,0.7,0.6,2.5,2.8,12.3,-5.0,22.4,1,0,22.9,123,322,17,478,148,195,146,467,88,66,325,83,84,219,267,159,184,278,144,220,98,130,72,87,149,522,187,187,31,168,1,2025-26,0.234,0.554253785147801,16.400000000000002,2.1333333333333333,5.466666666666667,1.0666666666666667,0.9333333333333333,2.0
1628384,OG Anunoby,OG,1610612752,NYK,28.0,64,42,22,0.656,33.4,5.9,12.1,0.486,2.3,6.0,0.388,2.8,3.4,0.823,1.3,4.0,5.3,2.2,1.9,1.6,0.7,0.8,2.5,2.4,16.9,6.0,31.6,5,0,31.3,147,65,275,110,30,81,91,188,56,63,125,79,87,184,127,116,116,210,96,21,92,50,91,124,80,30,85,94,31,77,1,2025-26,0.641,0.6215063253898204,18.215568862275447,2.37125748502994,5.712574850299402,1.7245508982035929,0.7544910179640718,2.0479041916167664
1630534,Ochai Agbaji,Ochai,1610612751,BKN,25.0,61,27,34,0.443,15.7,1.9,4.4,0.435,0.5,2.0,0.258,0.6,0.7,0.837,0.7,1.5,2.2,0.7,0.5,0.4,0.3,0.3,1.5,0.6,5.0,-1.0,10.2,0,0,9.8,181,211,105,362,367,375,364,361,378,329,439,397,415,146,287,395,382,450,432,425,295,280,333,436,389,326,415,257,31,412,2,2025-26,0.234,0.5310110450297366,11.464968152866243,1.6050955414012738,5.044585987261147,0.9171974522292994,0.6878980891719745,1.1464968152866242
1630168,Onyeka Okongwu,Onyeka,1610612737,ATL,25.0,71,40,31,0.563,31.0,5.6,11.7,0.482,2.0,5.2,0.379,2.1,2.8,0.755,1.9,5.8,7.7,3.2,1.7,1.1,1.1,0.7,3.4,2.3,15.4,1.5,34.3,16,0,32.7,65,85,139,223,68,92,99,200,83,95,153,123,120,324,73,31,37,125,120,79,40,95,13,133,95,146,59,29,31,68,1,2025-26,0.577,0.5954222084751006,17.883870967741935,3.7161290322580647,8.941935483870967,1.2774193548387096,1.2774193548387096,1.9741935483870967
1642345,Oso Ighodaro,Oso,1610612756,PHX,23.0,77,42,35,0.545,22.3,2.9,4.5,0.651,0.0,0.0,0.0,0.7,1.4,0.459,1.7,3.4,5.1,2.3,1.2,0.9,0.6,0.3,2.7,1.4,6.5,2.2,19.4,4,0,17.0,9,65,91,245,230,270,358,26,503,535,503,376,267,535,82,156,131,200,210,149,112,297,54,251,322,111,237,105,31,265,1,2025-26,0.545,0.6352619233776389,10.493273542600898,3.7130044843049324,8.23318385650224,1.452914798206278,0.9686098654708519,1.9372197309417039
1631094,Paolo Banchero,Paolo,1610612753,ORL,23.0,67,34,33,0.507,34.8,7.4,16.1,0.457,1.2,3.9,0.312,6.3,8.1,0.775,1.1,7.1,8.3,5.1,3.0,0.6,0.6,1.2,2.0,5.5,22.2,-0.9,40.4,24,2,39.2,105,154,116,295,14,36,32,280,208,174,371,10,6,282,149,13,30,50,19,283,124,7,201,13,26,321,26,15,14,27,1,2025-26,0.532,0.5644833197721725,22.965517241379313,5.275862068965518,8.586206896551726,0.6206896551724138,0.6206896551724138,3.1034482758620694
1627783,Pascal Siakam,Pascal,1610612754,IND,32.0,62,17,45,0.274,33.2,9.0,18.6,0.484,1.7,4.7,0.358,4.2,6.1,0.693,1.4,5.2,6.6,3.8,2.2,1.1,0.4,0.8,2.4,5.1,24.0,-3.7,39.9,10,0,39.1,169,322,30,462,36,13,12,192,122,118,214,37,25,414,109,46,65,86,63,87,203,56,103,17,20,483,31,55,31,29,1,2025-26,0.234,0.5638037962788949,26.024096385542165,4.120481927710843,7.156626506024096,1.1927710843373496,0.4337349397590361,2.385542168674699
1630311,Pat Spencer,Pat,1610612744,GSW,29.0,61,29,32,0.475,18.1,2.8,6.4,0.433,0.9,2.4,0.358,0.7,0.9,0.774,0.8,1.6,2.4,3.5,1.3,0.7,0.1,0.5,1.1,0.7,7.1,-1.1,16.4,1,0,15.5,181,192,128,333,317,287,266,368,290,299,216,373,380,285,272,382,363,104,199,231,475,192,425,406,300,333,295,187,31,296,1,2025-26,0.468,0.522366097704532,14.121546961325965,6.961325966850828,4.773480662983426,1.3922651933701655,0.19889502762430938,2.585635359116022
1630172,Patrick Williams,Patrick,1610612741,CHI,24.0,67,22,45,0.328,19.6,2.4,6.4,0.371,1.3,3.6,0.347,0.7,1.0,0.677,0.7,2.1,2.9,1.3,1.0,0.6,0.3,0.4,1.3,0.8,6.6,-5.0,13.8,0,0,13.9,105,262,30,426,288,325,272,506,193,191,251,378,355,430,304,301,304,335,254,308,254,232,387,372,318,525,348,257,31,340,1,2025-26,0.377,0.48245614035087714,12.122448979591834,2.3877551020408165,5.326530612244898,1.1020408163265305,0.5510204081632653,1.8367346938775508
1630194,Paul Reed,Paul,1610612765,DET,26.0,61,44,17,0.721,13.8,3.1,5.1,0.601,0.2,0.6,0.324,1.1,1.7,0.65,2.0,2.5,4.5,1.2,0.9,0.9,0.9,0.4,1.9,1.2,7.5,2.0,19.1,3,0,16.9,181,48,346,62,398,253,331,49,458,477,337,260,230,451,67,258,163,353,290,159,56,257,248,272,282,115,243,122,31,267,1,2025-26,0.731,0.6412448700410397,19.565217391304348,3.1304347826086953,11.73913043478261,2.3478260869565215,2.3478260869565215,2.3478260869565215
1630202,Payton Pritchard,Payton,1610612738,BOS,28.0,75,51,24,0.68,32.4,6.4,13.8,0.461,2.7,7.1,0.372,1.6,1.8,0.886,0.9,3.1,4.0,5.1,1.4,0.7,0.1,0.5,1.5,1.5,17.0,5.1,30.7,4,0,30.5,26,13,243,87,43,65,58,266,34,27,174,186,217,73,235,181,194,47,176,242,420,145,347,216,76,40,93,105,31,84,1,2025-26,0.675,0.5825109649122807,18.88888888888889,5.666666666666667,4.444444444444445,0.7777777777777777,0.11111111111111112,1.5555555555555554
1641796,Pelle Larsson,Pelle,1610612748,MIA,25.0,67,37,30,0.552,26.3,3.9,7.9,0.5,0.9,2.7,0.322,2.6,3.3,0.792,1.0,2.5,3.5,3.4,1.4,0.7,0.2,0.5,2.0,3.2,11.3,1.4,22.1,1,0,21.0,105,121,154,237,157,190,203,150,291,278,343,89,91,244,177,254,238,109,169,246,323,187,189,70,174,150,196,187,31,197,1,2025-26,0.526,0.6041488451668092,15.467680608365018,4.653992395437262,4.7908745247148286,0.9581749049429658,0.2737642585551331,1.9163498098859315
1630173,Precious Achiuwa,Precious,1610612758,SAC,26.0,69,19,50,0.275,23.6,4.3,7.9,0.538,0.4,1.3,0.307,1.0,1.7,0.559,2.4,4.3,6.7,1.3,0.9,0.9,0.7,0.6,1.7,1.4,9.9,-3.5,23.8,11,0,21.5,81,303,14,461,202,164,201,98,408,421,382,296,227,504,41,89,61,336,313,147,99,135,274,248,211,476,165,50,31,188,1,2025-26,0.269,0.5723866790009251,15.101694915254237,1.9830508474576272,10.220338983050846,1.3728813559322033,1.0677966101694913,1.3728813559322033
1629656,Quentin Grimes,Quentin,1610612755,PHI,25.0,71,40,31,0.563,29.7,4.5,10.1,0.452,1.7,5.1,0.332,2.7,3.2,0.837,0.6,3.1,3.7,3.4,1.8,0.9,0.4,0.4,2.0,2.7,13.5,0.1,24.9,2,0,24.8,65,85,139,223,91,146,138,300,120,103,315,85,96,147,324,190,221,114,104,170,213,238,191,95,129,241,150,150,31,140,1,2025-26,0.551,0.586548488008342,16.363636363636363,4.121212121212121,4.484848484848485,1.0909090909090908,0.48484848484848486,2.1818181818181817
1642366,Quinten Post,Quinten,1610612744,GSW,26.0,67,32,35,0.478,17.3,2.9,6.6,0.44,1.4,4.1,0.336,0.5,0.6,0.791,1.0,3.0,4.0,1.4,0.8,0.4,0.5,0.3,1.9,0.7,7.7,0.9,16.5,0,0,16.3,105,168,91,330,329,277,257,338,172,158,282,416,427,246,182,195,193,317,322,420,140,355,242,392,277,181,293,257,31,279,1,2025-26,0.468,0.5608974358974359,16.023121387283236,2.9132947976878607,8.323699421965317,0.8323699421965317,1.0404624277456647,1.6647398843930634
1641712,Rayan Rupert,Rayan,1610612763,MEM,21.0,61,29,32,0.475,15.6,1.6,4.2,0.39,0.6,1.9,0.342,0.4,0.6,0.735,0.6,1.9,2.5,0.8,0.7,0.8,0.1,0.4,1.9,0.5,4.3,-4.0,10.4,0,0,10.0,181,192,128,333,368,407,383,474,341,348,267,443,450,353,331,338,349,432,364,224,455,240,248,468,416,496,414,257,31,410,2,2025-26,0.325,0.4816308243727598,9.923076923076923,1.8461538461538463,5.76923076923077,1.8461538461538463,0.23076923076923078,1.6153846153846154
1642263,Reed Sheppard,Reed,1610612745,HOU,21.0,77,48,29,0.623,26.5,5.0,11.6,0.43,2.8,7.1,0.396,0.9,1.1,0.807,0.4,2.6,2.9,3.5,1.6,1.5,0.7,0.4,2.1,0.9,13.6,3.5,27.3,2,0,27.2,9,31,167,147,153,125,102,375,26,29,97,312,331,214,450,242,298,105,141,24,101,215,175,363,122,71,124,150,31,115,1,2025-26,0.623,0.5627275736511089,18.475471698113207,4.754716981132075,3.939622641509434,2.0377358490566038,0.950943396226415,2.1735849056603773
1642265,Rob Dillingham,Rob,1610612741,CHI,21.0,60,27,33,0.45,14.0,2.2,5.8,0.38,0.6,1.8,0.308,0.5,0.7,0.756,0.3,1.5,1.8,2.2,1.4,0.7,0.1,0.6,1.7,0.7,5.5,-2.3,11.8,0,0,11.5,192,211,116,353,396,346,295,490,371,364,377,411,417,321,480,400,438,213,181,263,472,142,278,396,364,410,381,257,31,378,2,2025-26,0.377,0.4502292075965947,14.142857142857142,5.657142857142858,4.628571428571429,1.7999999999999998,0.2571428571428572,3.5999999999999996
1641842,Ronald Holland II,Ronald,1610612765,DET,20.0,74,53,21,0.716,19.8,3.0,6.9,0.431,0.6,2.5,0.231,1.6,2.0,0.801,1.1,3.0,4.1,1.2,1.2,1.2,0.3,0.6,2.3,1.9,8.1,1.5,18.1,2,0,17.0,32,7,291,68,283,263,241,374,364,294,458,184,196,224,160,200,189,351,211,70,257,124,128,169,264,145,256,150,31,263,1,2025-26,0.731,0.5205655526992288,14.727272727272727,2.1818181818181817,7.454545454545453,2.1818181818181817,0.5454545454545454,2.1818181818181817
1626220,Royce O'Neale,Royce,1610612756,PHX,32.0,74,41,33,0.554,28.8,3.4,8.1,0.419,2.8,6.8,0.407,0.4,0.5,0.722,0.7,4.1,4.8,2.7,1.4,1.1,0.4,0.1,2.3,0.7,9.9,-1.3,22.9,2,0,23.2,32,74,116,235,110,224,191,411,29,41,79,459,466,374,285,104,147,156,180,94,200,491,121,397,209,347,176,150,31,162,1,2025-26,0.545,0.5949519230769231,12.375,3.375,6.0,1.375,0.5,1.7499999999999998
203497,Rudy Gobert,Rudy,1610612750,MIN,33.0,74,45,29,0.608,31.3,4.4,6.4,0.686,0.0,0.1,0.0,2.1,4.0,0.528,4.0,7.5,11.5,1.7,1.4,0.8,1.6,0.5,2.6,4.1,11.0,3.2,33.1,32,0,28.9,32,42,167,167,61,154,265,12,503,522,503,117,64,511,5,10,5,273,177,221,11,158,57,39,181,79,72,10,31,101,1,2025-26,0.597,0.6740196078431372,12.651757188498403,1.9552715654952075,13.226837060702875,0.9201277955271566,1.8402555910543132,1.610223642172524
1629060,Rui Hachimura,Rui,1610612747,LAL,28.0,63,44,19,0.698,28.1,4.3,8.6,0.506,1.7,3.9,0.43,0.7,1.0,0.733,0.6,2.6,3.2,0.8,0.6,0.5,0.3,0.4,1.6,0.6,11.1,0.5,18.0,0,0,18.4,160,48,317,79,123,159,179,141,126,175,43,361,360,356,341,240,276,438,390,349,264,262,319,422,179,206,259,257,31,243,1,2025-26,0.649,0.6139380530973452,14.220640569395016,1.0249110320284698,4.099644128113879,0.6405693950177935,0.3843416370106761,0.7686832740213522
201566,Russell Westbrook,Russell,1610612758,SAC,37.0,64,16,48,0.25,28.9,5.6,13.1,0.427,2.0,5.9,0.338,2.0,2.9,0.694,1.3,4.2,5.4,6.7,3.3,1.3,0.2,0.7,2.3,2.2,15.2,-7.1,32.9,16,6,32.2,147,340,20,481,107,98,74,379,81,67,278,137,115,413,132,98,105,20,11,52,363,104,123,137,99,553,73,29,5,70,1,2025-26,0.269,0.528658875904285,18.93425605536332,8.346020761245676,6.726643598615918,1.619377162629758,0.24913494809688586,4.110726643598616
1642346,Ryan Dunn,Ryan,1610612756,PHX,23.0,66,38,28,0.576,19.3,2.4,5.2,0.452,0.8,2.4,0.335,0.3,0.6,0.476,1.5,2.7,4.2,1.4,0.8,0.9,0.4,0.3,2.0,0.5,5.8,0.2,16.1,1,0,14.9,123,106,184,203,298,324,325,303,306,297,284,476,428,534,102,225,176,313,338,164,196,284,224,471,344,227,300,187,31,310,1,2025-26,0.545,0.5307467057101024,10.818652849740932,2.61139896373057,7.834196891191709,1.6787564766839378,0.7461139896373057,1.4922279792746114
1641750,Ryan Kalkbrenner,Ryan,1610612766,CHA,24.0,65,37,28,0.569,21.6,3.2,4.4,0.746,0.0,0.1,0.0,1.2,1.7,0.708,2.4,3.1,5.5,0.8,0.9,0.5,1.5,0.4,1.6,1.4,7.7,0.6,20.6,3,0,18.0,136,121,184,213,245,236,369,7,503,520,503,234,221,394,39,187,98,439,294,386,16,228,320,245,275,199,221,122,31,250,1,2025-26,0.538,0.7478632478632478,12.833333333333332,1.3333333333333333,9.166666666666666,0.8333333333333333,2.4999999999999996,1.5
1631157,Ryan Rollins,Ryan,1610612749,MIL,23.0,72,28,44,0.389,32.1,6.5,13.8,0.47,2.5,6.1,0.407,1.7,2.1,0.788,0.7,3.9,4.6,5.6,2.7,1.5,0.4,1.0,2.6,2.1,17.1,-2.3,34.1,6,0,33.7,55,201,38,387,47,63,59,240,47,61,80,173,179,250,295,122,158,35,32,27,186,30,59,149,72,412,61,83,31,56,1,2025-26,0.39,0.5806845965770172,19.177570093457945,6.280373831775701,5.158878504672897,1.6822429906542056,0.4485981308411215,3.02803738317757
1630180,Saddiq Bey,Saddiq,1610612740,NOP,26.0,71,24,47,0.338,31.1,6.0,13.3,0.452,2.1,5.7,0.366,3.4,4.0,0.842,1.7,3.9,5.5,2.5,0.9,0.9,0.1,0.7,1.3,2.4,17.5,-2.7,30.1,7,0,29.7,65,238,27,416,65,78,67,304,68,76,190,57,66,139,83,124,97,177,281,138,453,73,388,122,68,439,98,68,31,95,1,2025-26,0.321,0.5810092961487383,20.2572347266881,2.8938906752411575,6.366559485530546,1.0418006430868167,0.1157556270096463,1.0418006430868167
1630573,Sam Hauser,Sam,1610612738,BOS,28.0,74,51,23,0.689,24.8,3.2,7.7,0.418,2.5,6.4,0.39,0.2,0.3,0.842,0.7,3.1,3.9,1.4,0.5,0.5,0.3,0.1,1.5,0.4,9.1,4.5,17.9,0,0,18.5,32,13,259,84,187,241,211,414,45,50,119,502,511,137,292,184,212,321,454,365,266,483,349,477,234,50,264,257,31,242,1,2025-26,0.675,0.580949948927477,13.209677419354836,2.0322580645161286,5.661290322580645,0.7258064516129032,0.43548387096774194,0.7258064516129032
1630572,Sandro Mamukelashvili,Sandro,1610612761,TOR,26.0,75,41,34,0.547,21.9,4.2,8.0,0.523,1.4,3.7,0.383,1.5,1.9,0.747,1.4,3.5,4.9,1.9,0.8,0.8,0.5,0.5,1.9,1.3,11.2,1.8,23.2,3,0,22.1,26,74,105,244,238,172,200,109,167,182,142,196,197,340,116,143,141,248,325,193,130,209,235,253,176,128,173,122,31,178,1,2025-26,0.558,0.6337709370755997,18.410958904109588,3.1232876712328768,8.054794520547947,1.315068493150685,0.8219178082191781,1.315068493150685
1630567,Scottie Barnes,Scottie,1610612761,TOR,24.0,75,42,33,0.56,33.7,7.1,14.2,0.504,0.9,2.9,0.296,3.1,3.8,0.813,1.9,5.6,7.5,5.9,2.7,1.5,1.5,0.6,2.7,3.4,18.2,3.3,42.3,29,2,38.4,26,65,116,228,25,43,54,144,295,261,407,72,71,209,69,34,40,31,35,30,17,116,48,67,61,77,20,12,14,33,1,2025-26,0.558,0.5733366935483871,19.442136498516316,6.3026706231454,8.01186943620178,1.602373887240356,1.602373887240356,2.884272997032641
1628983,Shai Gilgeous-Alexander,Shai,1610612760,OKC,27.0,65,53,12,0.815,33.5,10.8,19.7,0.551,1.7,4.4,0.38,8.2,9.3,0.881,0.6,3.8,4.4,6.5,2.2,1.4,0.8,0.8,2.1,6.2,31.6,11.1,51.0,7,0,48.5,136,7,411,23,26,1,7,85,124,140,150,1,3,79,344,127,167,22,66,36,77,44,173,8,2,4,4,68,31,4,1,2025-26,0.792,0.66408876933423,33.95820895522388,6.985074626865671,4.728358208955225,1.5044776119402983,0.8597014925373134,2.3641791044776124
1631321,Sidy Cissoko,Sidy,1610612757,POR,22.0,71,37,34,0.521,19.9,1.9,4.7,0.399,0.8,2.8,0.301,0.8,1.2,0.651,0.9,1.5,2.3,1.5,1.0,0.7,0.4,0.4,2.5,1.8,5.3,-0.7,12.7,0,0,12.2,65,121,105,280,282,382,349,456,300,273,393,335,304,450,237,406,374,291,270,243,235,255,76,188,376,305,367,257,31,365,1,2025-26,0.513,0.5068859984697781,9.587939698492463,2.71356783919598,4.160804020100502,1.2663316582914572,0.7236180904522614,1.8090452261306533
1631323,Simone Fontecchio,Simone,1610612748,MIA,30.0,69,35,34,0.507,16.6,2.7,6.7,0.403,1.7,4.6,0.366,1.2,1.4,0.84,0.8,2.2,3.0,1.4,0.7,0.5,0.1,0.3,1.5,0.8,8.3,1.3,15.3,0,0,15.7,81,139,105,296,345,296,249,449,121,124,193,236,266,143,265,295,288,310,360,361,425,318,345,370,254,166,318,257,31,288,1,2025-26,0.526,0.567249863313286,18.0,3.0361445783132526,6.506024096385541,1.0843373493975903,0.21686746987951805,1.5180722891566263
1642883,Sion James,Sion,1610612766,CHA,23.0,78,42,36,0.538,22.6,1.7,4.4,0.379,1.0,2.8,0.365,1.1,1.2,0.845,0.6,2.8,3.4,2.0,0.8,0.6,0.3,0.3,1.8,1.2,5.4,0.8,14.4,0,0,13.6,1,65,84,257,220,401,362,491,250,267,194,266,297,134,334,217,245,233,346,306,305,284,250,278,373,186,337,257,31,342,1,2025-26,0.538,0.5478896103896104,8.601769911504425,3.185840707964602,5.4159292035398225,0.9557522123893804,0.4778761061946902,1.2743362831858407
1642461,Spencer Jones,Spencer,1610612743,DEN,24.0,64,41,23,0.641,22.1,2.1,4.1,0.504,0.9,2.3,0.396,0.5,0.8,0.608,1.2,2.1,3.3,0.8,0.5,0.8,0.5,0.3,2.7,0.8,5.5,0.0,13.9,1,0,13.0,147,74,259,133,235,360,386,145,285,310,98,424,394,483,145,307,267,437,448,194,172,356,46,388,364,249,343,187,31,356,1,2025-26,0.641,0.6176999101527404,8.959276018099546,1.3031674208144794,5.375565610859727,1.3031674208144794,0.8144796380090498,0.8144796380090498
1642264,Stephon Castle,Stephon,1610612759,SAS,21.0,66,50,16,0.758,30.0,5.7,12.0,0.474,1.2,3.6,0.326,4.2,5.7,0.733,1.4,3.7,5.2,7.3,3.2,1.1,0.3,1.0,3.3,4.5,16.7,6.2,34.9,16,4,33.2,123,17,356,41,87,90,92,223,215,190,333,40,33,359,108,134,123,11,12,81,287,24,18,31,82,24,54,29,6,62,1,2025-26,0.756,0.5755445271574304,20.04,8.76,6.24,1.32,0.36,3.8400000000000003
1629611,Terance Mann,Terance,1610612751,BKN,29.0,63,15,48,0.238,24.3,2.7,5.8,0.457,0.9,2.4,0.364,1.0,1.3,0.788,1.1,2.1,3.2,3.0,1.1,0.7,0.2,0.3,2.5,1.3,7.2,-4.2,17.1,0,0,16.1,160,354,20,493,195,297,294,282,286,296,200,272,290,252,156,310,276,134,227,279,324,276,92,268,294,507,277,257,31,284,1,2025-26,0.234,0.5649717514124294,10.666666666666666,4.444444444444445,4.740740740740741,1.037037037037037,0.29629629629629634,1.6296296296296298
203501,Tim Hardaway Jr.,Tim,1610612743,DEN,34.0,77,49,28,0.636,26.7,4.4,9.7,0.451,2.8,6.9,0.411,2.0,2.5,0.813,0.2,2.4,2.6,1.3,0.5,0.5,0.1,0.2,1.2,1.9,13.6,2.7,20.1,0,0,21.6,9,25,184,136,152,157,143,307,22,37,68,130,135,208,510,269,336,329,415,362,437,383,403,176,122,95,228,257,31,187,1,2025-26,0.641,0.6296296296296297,18.337078651685395,1.752808988764045,3.50561797752809,0.6741573033707865,0.13483146067415733,0.6741573033707865
202699,Tobias Harris,Tobias,1610612765,DET,33.0,60,43,17,0.717,27.9,4.9,10.6,0.464,1.3,3.6,0.349,2.2,2.5,0.873,0.8,4.3,5.1,2.6,1.0,0.9,0.4,0.6,1.7,1.7,13.2,5.5,26.2,3,0,24.8,192,53,346,66,125,130,126,259,194,192,246,115,136,91,249,91,124,176,255,154,186,142,278,197,133,37,139,122,31,139,1,2025-26,0.731,0.5641025641025641,17.032258064516128,3.3548387096774195,6.580645161290323,1.161290322580645,0.5161290322580646,1.2903225806451615
1641739,Toumani Camara,Toumani,1610612757,POR,25.0,78,40,38,0.513,33.2,4.7,10.7,0.439,2.6,7.1,0.366,1.2,1.7,0.704,1.6,3.6,5.2,2.4,1.8,1.1,0.4,0.5,2.9,2.7,13.2,0.3,26.0,3,0,26.6,1,85,71,287,34,137,124,343,40,28,192,235,223,401,93,139,121,186,107,78,183,149,35,91,134,220,140,122,31,119,1,2025-26,0.513,0.5765199161425577,14.313253012048191,2.602409638554217,5.63855421686747,1.1927710843373496,0.4337349397590361,1.9518072289156625
1642848,Tre Johnson,Tre,1610612764,WAS,20.0,60,12,48,0.2,24.0,4.5,10.8,0.419,1.9,5.4,0.358,1.3,1.5,0.874,0.5,2.4,2.8,2.0,1.6,0.6,0.3,0.2,2.0,1.2,12.2,-5.6,19.7,0,0,20.7,192,388,20,519,197,150,121,410,93,88,215,223,265,89,388,273,306,225,143,341,274,434,192,277,150,536,233,257,31,205,1,2025-26,0.221,0.5322862129144851,18.299999999999997,3.0,4.199999999999999,0.8999999999999999,0.44999999999999996,2.4
1630200,Tre Jones,Tre,1610612741,CHI,26.0,60,25,35,0.417,27.0,5.0,9.1,0.552,0.6,1.9,0.322,2.8,3.4,0.822,0.6,2.5,3.1,5.4,1.4,1.2,0.2,0.7,1.4,2.8,13.4,-2.6,28.0,5,0,25.3,192,228,91,370,147,122,160,84,349,343,344,78,86,186,336,250,282,41,162,71,368,84,357,88,130,429,118,94,31,132,1,2025-26,0.377,0.632314080785202,17.866666666666667,7.2,4.133333333333333,1.6,0.26666666666666666,1.8666666666666667
1630530,Trey Murphy III,Trey,1610612740,NOP,25.0,66,21,45,0.318,35.5,7.5,15.9,0.47,3.2,8.6,0.379,3.3,3.7,0.886,1.0,4.8,5.7,3.8,1.8,1.5,0.4,0.4,2.1,2.9,21.5,-2.6,37.8,4,0,38.0,123,278,30,433,5,31,37,239,11,9,154,58,74,74,202,70,86,88,102,25,231,263,175,78,28,430,42,105,31,36,1,2025-26,0.321,0.6133044272021908,21.80281690140845,3.853521126760563,5.780281690140845,1.5211267605633803,0.4056338028169014,1.8253521126760563
1641783,Tristan da Silva,Tristan,1610612753,ORL,24.0,72,39,33,0.542,24.8,3.7,8.2,0.45,1.6,4.2,0.384,1.1,1.3,0.89,0.8,2.9,3.7,1.5,0.8,0.9,0.3,0.3,1.6,1.1,10.1,0.9,19.7,0,0,19.4,55,94,116,254,186,202,190,310,133,151,138,254,291,66,277,208,223,289,316,153,239,308,326,310,202,177,232,257,31,219,1,2025-26,0.532,0.5756953944368446,14.661290322580644,2.1774193548387095,5.370967741935484,1.306451612903226,0.43548387096774194,1.161290322580645
1642278,Tyler Kolek,Tyler,1610612752,NYK,25.0,62,39,23,0.629,11.7,1.7,4.0,0.435,0.7,1.8,0.386,0.2,0.3,0.7,0.3,1.3,1.6,2.7,0.9,0.4,0.1,0.3,1.0,0.5,4.4,1.7,10.8,2,0,10.3,169,94,259,145,433,396,389,356,324,355,128,498,500,403,488,433,462,155,296,441,487,352,445,443,407,134,406,150,31,402,1,2025-26,0.641,0.5324298160697,13.53846153846154,8.307692307692308,4.923076923076923,1.2307692307692308,0.3076923076923077,2.769230769230769
1630178,Tyrese Maxey,Tyrese,1610612755,PHI,25.0,66,36,30,0.545,38.2,10.0,21.6,0.463,3.2,8.6,0.37,5.4,6.1,0.89,0.3,3.9,4.2,6.7,2.4,1.9,0.8,1.0,2.2,4.1,28.6,1.7,49.5,7,0,48.2,123,127,154,245,1,5,3,260,13,8,178,19,26,64,475,126,182,18,47,8,67,24,157,37,5,131,5,68,31,5,1,2025-26,0.551,0.588865096359743,26.95287958115183,6.31413612565445,3.958115183246073,1.7905759162303663,0.7539267015706806,2.2617801047120416
1626145,Tyus Jones,Tyus,1610612743,DEN,29.0,65,35,30,0.538,14.4,1.1,3.2,0.346,0.6,2.0,0.277,0.1,0.1,0.778,0.2,0.9,1.0,2.3,0.3,0.6,0.0,0.1,0.5,0.2,2.8,-1.9,9.1,0,0,8.0,136,139,154,257,390,476,434,519,367,331,425,531,537,276,531,491,513,194,489,329,500,477,544,524,477,398,441,257,31,456,3,2025-26,0.641,0.43156596794081376,6.999999999999999,5.75,2.5,1.5,0.0,0.75
1642845,VJ Edgecombe,VJ,1610612755,PHI,20.0,71,41,30,0.577,34.8,6.0,13.7,0.439,2.0,5.6,0.358,2.0,2.4,0.827,1.6,3.9,5.5,4.1,1.8,1.4,0.5,0.7,2.9,2.0,16.1,0.4,32.7,7,0,31.5,65,74,154,199,13,77,62,344,80,78,213,132,149,173,89,120,99,70,101,35,141,68,34,168,88,212,74,68,31,75,1,2025-26,0.551,0.5455407969639469,16.655172413793107,4.241379310344827,5.689655172413794,1.4482758620689655,0.5172413793103449,1.8620689655172415
1641705,Victor Wembanyama,Victor,1610612759,SAS,22.0,62,48,14,0.774,29.4,8.6,16.9,0.509,1.9,5.5,0.35,5.8,7.0,0.828,2.0,9.5,11.6,3.1,2.4,1.0,3.1,0.5,2.5,6.3,24.9,10.7,53.5,41,1,49.8,169,31,387,37,100,18,24,135,92,81,243,15,15,167,58,2,4,128,48,105,1,168,89,7,17,5,3,4,21,3,1,2025-26,0.756,0.6231231231231232,30.489795918367346,3.795918367346939,14.204081632653061,1.2244897959183674,3.795918367346939,2.938775510204082
1630249,Vít Krejčí,Vít,1610612757,POR,25.0,64,31,33,0.484,21.7,3.0,6.7,0.448,2.0,5.1,0.391,0.6,0.8,0.745,0.5,1.8,2.3,1.6,0.6,0.7,0.3,0.1,2.1,0.9,8.6,-0.6,16.1,0,0,16.5,147,173,116,326,244,265,251,316,81,104,110,396,394,341,387,350,375,288,374,233,293,459,162,362,246,300,302,257,31,275,2,2025-26,0.513,0.6097560975609756,14.267281105990783,2.654377880184332,3.815668202764977,1.161290322580645,0.49769585253456217,0.9953917050691243
1642383,Walter Clayton Jr.,Walter,1610612763,MEM,23.0,66,17,49,0.258,20.3,2.5,6.5,0.377,1.0,3.5,0.294,1.5,1.7,0.895,0.3,1.7,2.0,4.0,1.7,0.7,0.3,0.6,1.8,1.6,7.5,-4.0,17.0,0,0,16.4,123,322,17,478,271,314,259,493,258,205,413,187,224,56,452,379,401,75,131,265,287,134,261,209,281,500,280,257,31,277,2,2025-26,0.325,0.5173841059602649,13.300492610837438,7.0935960591133,3.54679802955665,1.2413793103448276,0.5320197044334976,3.0147783251231526
1628976,Wendell Carter Jr.,Wendell,1610612753,ORL,26.0,73,39,34,0.534,29.6,4.3,8.3,0.512,1.0,3.0,0.324,2.5,3.1,0.807,2.1,5.4,7.5,2.0,1.3,0.8,0.6,0.5,3.4,2.9,12.0,0.7,27.0,12,0,25.4,41,94,105,265,96,165,187,131,277,245,338,96,98,215,55,40,41,226,190,199,120,165,9,80,156,191,129,44,31,131,1,2025-26,0.532,0.6208609271523178,14.594594594594593,2.432432432432432,9.121621621621621,0.972972972972973,0.7297297297297296,1.5810810810810811
1642954,Will Richard,Will,1610612744,GSW,23.0,66,34,32,0.515,20.4,2.5,5.2,0.474,1.1,3.2,0.341,0.7,0.8,0.852,1.0,1.6,2.5,1.4,0.8,1.2,0.1,0.2,2.0,0.9,6.7,-1.1,15.0,0,0,14.3,123,154,128,284,267,314,327,220,240,231,269,363,391,122,194,389,345,322,334,65,434,420,224,352,316,335,326,257,31,327,1,2025-26,0.468,0.603386167146974,11.823529411764708,2.4705882352941178,4.411764705882353,2.1176470588235294,0.17647058823529416,1.4117647058823533
1642860,Will Riley,Will,1610612764,WAS,20.0,69,16,53,0.232,21.3,3.5,7.8,0.453,1.0,3.1,0.335,1.8,2.3,0.799,0.8,1.9,2.7,1.8,1.2,0.7,0.1,0.3,1.1,1.7,10.0,-5.9,17.1,2,0,17.0,81,340,7,502,253,213,204,297,244,233,285,146,156,232,275,339,326,258,223,256,469,284,432,203,207,539,279,150,31,262,1,2025-26,0.221,0.5674080798910577,16.901408450704224,3.0422535211267605,4.563380281690141,1.1830985915492955,0.16901408450704225,2.028169014084507
1642274,Yves Missi,Yves,1610612740,NOP,21.0,65,19,46,0.292,19.3,2.3,4.4,0.533,0.0,0.0,0.0,0.8,1.5,0.561,2.8,3.0,5.7,1.2,0.8,0.3,1.5,0.4,1.7,1.2,5.5,-0.6,18.9,4,0,16.1,136,303,29,445,296,329,366,103,503,534,503,318,254,502,27,202,85,345,341,464,18,245,285,292,362,302,244,105,31,283,1,2025-26,0.321,0.5434782608695652,10.259067357512954,2.238341968911917,10.632124352331607,0.5595854922279793,2.7979274611398965,1.4922279792746114
1642258,Zaccharie Risacher,Zaccharie,1610612737,ATL,20.0,64,38,26,0.594,22.7,3.7,8.1,0.458,1.5,3.9,0.376,0.9,1.3,0.64,1.0,2.8,3.8,1.1,0.9,0.9,0.5,0.5,2.2,1.1,9.7,0.1,19.4,0,0,19.0,147,106,219,189,219,199,192,272,155,173,158,316,276,464,176,224,217,369,310,166,129,210,144,295,214,235,239,257,31,231,1,2025-26,0.577,0.559271217712177,15.383259911894273,1.7444933920704848,6.026431718061674,1.4273127753303965,0.7929515418502203,1.4273127753303965
1629627,Zion Williamson,Zion,1610612740,NOP,25.0,61,22,39,0.361,29.7,7.9,13.0,0.602,0.0,0.1,0.25,5.3,7.5,0.715,2.0,3.6,5.7,3.2,2.0,1.0,0.5,1.3,2.3,5.2,21.1,-1.3,35.2,6,0,33.0,181,262,69,403,93,27,76,46,501,523,443,20,11,378,59,138,88,124,74,127,132,4,134,15,33,354,51,83,31,65,1,2025-26,0.321,0.647239263803681,25.575757575757578,3.878787878787879,6.90909090909091,1.2121212121212122,0.6060606060606061,2.4242424242424243
